Classifier,Macro F1,Macro Recall,Macro Precision,Class0 Recall,Class1 Recall,Class2 Recall,Class0 Precision,Class1 Precision,Class2 Precision,Class0 F1,Class1 F1,Class2 F1,TrainParticipants,TestParticipants,TrainConditions,TestConditions,Experiment,RandomState,WindowDuration,WindowStepSize,BatchSize,LearningRate,HiddenDim,Epochs
CNN,0.4886363636363636,0.5475113122171946,0.6296296296296295,0.9411764705882353,,0.15384615384615385,0.5925925925925926,,0.6666666666666666,0.7272727272727272,,0.25,"[2, 5, 7, 8, 9, 11, 13, 14, 15, 18, 19, 20, 21, 23]",02,FW,FW,1,42,7.0,10,64,0.001,,13
CNN,0.33571428571428574,0.5263157894736842,0.7,0.05263157894736842,,1.0,1.0,,0.4,0.1,,0.5714285714285715,"[2, 5, 7, 8, 9, 11, 13, 14, 15, 18, 19, 20, 21, 23]",05,FW,FW,1,42,7.0,10,64,0.001,,13
CNN,0.20126984126984127,0.2443181818181818,0.25213675213675213,0.045454545454545456,0.0,0.6875,0.3333333333333333,0.0,0.4230769230769231,0.08,0.0,0.5238095238095238,"[2, 5, 7, 8, 9, 11, 13, 14, 15, 18, 19, 20, 21, 23]",07,FW,FW,1,42,7.0,10,64,0.001,,13
CNN,0.20833333333333337,0.2380952380952381,0.1851851851851852,0.0,0.0,0.7142857142857143,0.0,0.0,0.5555555555555556,0.0,0.0,0.6250000000000001,"[2, 5, 7, 8, 9, 11, 13, 14, 15, 18, 19, 20, 21, 23]",08,FW,FW,1,42,7.0,10,64,0.001,,13
CNN,0.05333333333333334,0.031746031746031744,0.16666666666666666,0.09523809523809523,0.0,0.0,0.5,0.0,0.0,0.16,0.0,0.0,"[2, 5, 7, 8, 9, 11, 13, 14, 15, 18, 19, 20, 21, 23]",09,FW,FW,1,42,7.0,10,64,0.001,,13
CNN,0.36585365853658536,0.5,0.28846153846153844,1.0,,0.0,0.5769230769230769,,0.0,0.7317073170731707,,0.0,"[2, 5, 7, 8, 9, 11, 13, 14, 15, 18, 19, 20, 21, 23]",11,FW,FW,1,42,7.0,10,64,0.001,,13
CNN,0.044444444444444446,0.3333333333333333,0.023809523809523808,0.0,0.0,1.0,0.0,0.0,0.07142857142857142,0.0,0.0,0.13333333333333333,"[2, 5, 7, 8, 9, 11, 13, 14, 15, 18, 19, 20, 21, 23]",13,FW,FW,1,42,7.0,10,64,0.001,,13
CNN,0.022988505747126433,0.3333333333333333,0.011904761904761904,0.0,1.0,0.0,0.0,0.03571428571428571,0.0,0.0,0.0689655172413793,0.0,"[2, 5, 7, 8, 9, 11, 13, 14, 15, 18, 19, 20, 21, 23]",14,FW,FW,1,42,7.0,10,64,0.001,,13
CNN,0.3333333333333333,0.3333333333333333,0.3333333333333333,0.0,0.0,1.0,0.0,0.0,1.0,0.0,0.0,1.0,"[2, 5, 7, 8, 9, 11, 13, 14, 15, 18, 19, 20, 21, 23]",15,FW,FW,1,42,7.0,10,64,0.001,,13
CNN,0.3660130718954248,0.40740740740740744,0.3541666666666667,0.7222222222222222,0.5,0.0,0.8125,0.25,0.0,0.7647058823529411,0.3333333333333333,0.0,"[2, 5, 7, 8, 9, 11, 13, 14, 15, 18, 19, 20, 21, 23]",18,FW,FW,1,42,7.0,10,64,0.001,,13
CNN,0.23333333333333336,0.21212121212121213,0.25925925925925924,0.6363636363636364,0.0,0.0,0.7777777777777778,0.0,0.0,0.7000000000000001,0.0,0.0,"[2, 5, 7, 8, 9, 11, 13, 14, 15, 18, 19, 20, 21, 23]",19,FW,FW,1,42,7.0,10,64,0.001,,13
CNN,0.05128205128205129,0.3333333333333333,0.027777777777777776,0.0,0.0,1.0,0.0,0.0,0.08333333333333333,0.0,0.0,0.15384615384615385,"[2, 5, 7, 8, 9, 11, 13, 14, 15, 18, 19, 20, 21, 23]",20,FW,FW,1,42,7.0,10,64,0.001,,13
CNN,0.023809523809523808,0.3333333333333333,0.012345679012345678,0.0,1.0,0.0,0.0,0.037037037037037035,0.0,0.0,0.07142857142857142,0.0,"[2, 5, 7, 8, 9, 11, 13, 14, 15, 18, 19, 20, 21, 23]",21,FW,FW,1,42,7.0,10,64,0.001,,13
CNN,0.1388888888888889,0.6666666666666666,0.07792207792207792,0.0,1.0,1.0,0.0,0.14285714285714285,0.09090909090909091,0.0,0.25,0.16666666666666669,"[2, 5, 7, 8, 9, 11, 13, 14, 15, 18, 19, 20, 21, 23]",23,FW,FW,1,42,7.0,10,64,0.001,,13
CNN,0.4857142857142857,0.5316742081447964,0.5397727272727273,0.29411764705882354,,0.7692307692307693,0.625,,0.45454545454545453,0.4,,0.5714285714285714,"[2, 5, 7, 8, 9, 11, 13, 14, 15, 18, 19, 20, 21, 23]",02,FW,FW,1,32,7.0,10,64,0.001,,10
CNN,0.03333333333333333,0.017543859649122806,0.3333333333333333,0.05263157894736842,0.0,0.0,1.0,0.0,0.0,0.1,0.0,0.0,"[2, 5, 7, 8, 9, 11, 13, 14, 15, 18, 19, 20, 21, 23]",05,FW,FW,1,32,7.0,10,64,0.001,,10
CNN,0.4519230769230769,0.48011363636363635,0.4708333333333333,0.7727272727272727,,0.1875,0.5666666666666667,,0.375,0.6538461538461539,,0.25,"[2, 5, 7, 8, 9, 11, 13, 14, 15, 18, 19, 20, 21, 23]",07,FW,FW,1,32,7.0,10,64,0.001,,10
CNN,0.24242424242424243,0.2857142857142857,0.21052631578947367,0.0,0.0,0.8571428571428571,0.0,0.0,0.631578947368421,0.0,0.0,0.7272727272727273,"[2, 5, 7, 8, 9, 11, 13, 14, 15, 18, 19, 20, 21, 23]",08,FW,FW,1,32,7.0,10,64,0.001,,10
CNN,0.2765957446808511,0.5,0.19117647058823528,0.0,,1.0,0.0,,0.38235294117647056,0.0,,0.5531914893617021,"[2, 5, 7, 8, 9, 11, 13, 14, 15, 18, 19, 20, 21, 23]",09,FW,FW,1,32,7.0,10,64,0.001,,10
CNN,0.041666666666666664,0.022222222222222223,0.3333333333333333,0.06666666666666667,0.0,0.0,1.0,0.0,0.0,0.125,0.0,0.0,"[2, 5, 7, 8, 9, 11, 13, 14, 15, 18, 19, 20, 21, 23]",11,FW,FW,1,32,7.0,10,64,0.001,,10
CNN,0.044444444444444446,0.3333333333333333,0.023809523809523808,0.0,0.0,1.0,0.0,0.0,0.07142857142857142,0.0,0.0,0.13333333333333333,"[2, 5, 7, 8, 9, 11, 13, 14, 15, 18, 19, 20, 21, 23]",13,FW,FW,1,32,7.0,10,64,0.001,,10
CNN,0.11862068965517243,0.38666666666666666,0.34722222222222227,0.16,1.0,0.0,1.0,0.041666666666666664,0.0,0.2758620689655173,0.07999999999999999,0.0,"[2, 5, 7, 8, 9, 11, 13, 14, 15, 18, 19, 20, 21, 23]",14,FW,FW,1,32,7.0,10,64,0.001,,10
CNN,0.26875000000000004,0.64,0.5263157894736842,0.28,,1.0,1.0,,0.05263157894736842,0.43750000000000006,,0.1,"[2, 5, 7, 8, 9, 11, 13, 14, 15, 18, 19, 20, 21, 23]",15,FW,FW,1,32,7.0,10,64,0.001,,10
CNN,0.3,0.3333333333333333,0.27272727272727276,1.0,0.0,0.0,0.8181818181818182,0.0,0.0,0.9,0.0,0.0,"[2, 5, 7, 8, 9, 11, 13, 14, 15, 18, 19, 20, 21, 23]",18,FW,FW,1,32,7.0,10,64,0.001,,10
CNN,0.3504968383017164,0.42424242424242425,0.3458646616541354,0.7727272727272727,0.5,0.0,0.8947368421052632,0.14285714285714285,0.0,0.8292682926829269,0.22222222222222224,0.0,"[2, 5, 7, 8, 9, 11, 13, 14, 15, 18, 19, 20, 21, 23]",19,FW,FW,1,32,7.0,10,64,0.001,,10
CNN,0.027777777777777776,0.3333333333333333,0.014492753623188406,0.0,1.0,0.0,0.0,0.043478260869565216,0.0,0.0,0.08333333333333333,0.0,"[2, 5, 7, 8, 9, 11, 13, 14, 15, 18, 19, 20, 21, 23]",20,FW,FW,1,32,7.0,10,64,0.001,,10
CNN,0.050332383665717,0.3466666666666667,0.3461538461538462,0.04,0.0,1.0,1.0,0.0,0.038461538461538464,0.07692307692307693,0.0,0.07407407407407407,"[2, 5, 7, 8, 9, 11, 13, 14, 15, 18, 19, 20, 21, 23]",21,FW,FW,1,32,7.0,10,64,0.001,,10
CNN,0.31884057971014496,0.3333333333333333,0.3055555555555555,1.0,0.0,0.0,0.9166666666666666,0.0,0.0,0.9565217391304348,0.0,0.0,"[2, 5, 7, 8, 9, 11, 13, 14, 15, 18, 19, 20, 21, 23]",23,FW,FW,1,32,7.0,10,64,0.001,,10
CNN,0.36170212765957444,0.5,0.2833333333333333,1.0,,0.0,0.5666666666666667,,0.0,0.7234042553191489,,0.0,"[2, 5, 7, 8, 9, 11, 13, 14, 15, 18, 19, 20, 21, 23]",02,FW,FW,1,100,7.0,10,64,0.001,,10
CNN,0.38,0.5,0.3064516129032258,1.0,,0.0,0.6129032258064516,,0.0,0.76,,0.0,"[2, 5, 7, 8, 9, 11, 13, 14, 15, 18, 19, 20, 21, 23]",05,FW,FW,1,100,7.0,10,64,0.001,,10
CNN,0.3666666666666667,0.5,0.2894736842105263,1.0,,0.0,0.5789473684210527,,0.0,0.7333333333333334,,0.0,"[2, 5, 7, 8, 9, 11, 13, 14, 15, 18, 19, 20, 21, 23]",07,FW,FW,1,100,7.0,10,64,0.001,,10
CNN,0.3333333333333333,0.5,0.25,0.0,,1.0,0.0,,0.5,0.0,,0.6666666666666666,"[2, 5, 7, 8, 9, 11, 13, 14, 15, 18, 19, 20, 21, 23]",08,FW,FW,1,100,7.0,10,64,0.001,,10
CNN,0.2765957446808511,0.5,0.19117647058823528,0.0,,1.0,0.0,,0.38235294117647056,0.0,,0.5531914893617021,"[2, 5, 7, 8, 9, 11, 13, 14, 15, 18, 19, 20, 21, 23]",09,FW,FW,1,100,7.0,10,64,0.001,,10
CNN,0.36585365853658536,0.5,0.28846153846153844,1.0,,0.0,0.5769230769230769,,0.0,0.7317073170731707,,0.0,"[2, 5, 7, 8, 9, 11, 13, 14, 15, 18, 19, 20, 21, 23]",11,FW,FW,1,100,7.0,10,64,0.001,,10
CNN,0.044444444444444446,0.3333333333333333,0.023809523809523808,0.0,0.0,1.0,0.0,0.0,0.07142857142857142,0.0,0.0,0.13333333333333333,"[2, 5, 7, 8, 9, 11, 13, 14, 15, 18, 19, 20, 21, 23]",13,FW,FW,1,100,7.0,10,64,0.001,,10
CNN,0.3144654088050315,0.3333333333333333,0.2976190476190476,1.0,0.0,0.0,0.8928571428571429,0.0,0.0,0.9433962264150945,0.0,0.0,"[2, 5, 7, 8, 9, 11, 13, 14, 15, 18, 19, 20, 21, 23]",14,FW,FW,1,100,7.0,10,64,0.001,,10
CNN,0.26356589147286824,0.22666666666666668,0.3148148148148148,0.68,0.0,0.0,0.9444444444444444,0.0,0.0,0.7906976744186047,0.0,0.0,"[2, 5, 7, 8, 9, 11, 13, 14, 15, 18, 19, 20, 21, 23]",15,FW,FW,1,100,7.0,10,64,0.001,,10
CNN,0.09305873379099923,0.35185185185185186,0.3650793650793651,0.05555555555555555,0.0,1.0,1.0,0.0,0.09523809523809523,0.10526315789473684,0.0,0.17391304347826084,"[2, 5, 7, 8, 9, 11, 13, 14, 15, 18, 19, 20, 21, 23]",18,FW,FW,1,100,7.0,10,64,0.001,,10
CNN,0.317016317016317,0.39393939393939387,0.3311546840958606,0.6818181818181818,0.5,0.0,0.8823529411764706,0.1111111111111111,0.0,0.7692307692307693,0.1818181818181818,0.0,"[2, 5, 7, 8, 9, 11, 13, 14, 15, 18, 19, 20, 21, 23]",19,FW,FW,1,100,7.0,10,64,0.001,,10
CNN,0.3111111111111111,0.3333333333333333,0.2916666666666667,1.0,0.0,0.0,0.875,0.0,0.0,0.9333333333333333,0.0,0.0,"[2, 5, 7, 8, 9, 11, 13, 14, 15, 18, 19, 20, 21, 23]",20,FW,FW,1,100,7.0,10,64,0.001,,10
CNN,0.023809523809523808,0.3333333333333333,0.012345679012345678,0.0,1.0,0.0,0.0,0.037037037037037035,0.0,0.0,0.07142857142857142,0.0,"[2, 5, 7, 8, 9, 11, 13, 14, 15, 18, 19, 20, 21, 23]",21,FW,FW,1,100,7.0,10,64,0.001,,10
CNN,0.041666666666666664,0.3333333333333333,0.022222222222222223,0.0,0.0,1.0,0.0,0.0,0.06666666666666667,0.0,0.0,0.125,"[2, 5, 7, 8, 9, 11, 13, 14, 15, 18, 19, 20, 21, 23]",23,FW,FW,1,100,7.0,10,64,0.001,,10
CNN,0.4505494505494505,0.4683257918552036,0.4602272727272727,0.7058823529411765,,0.23076923076923078,0.5454545454545454,,0.375,0.6153846153846153,,0.2857142857142857,"[2, 5, 7, 8, 9, 11, 13, 14, 15, 18, 19, 20, 21, 23]",02,FW,FW,1,11,7.0,10,64,0.001,,10
CNN,0.27906976744186046,0.5,0.1935483870967742,0.0,,1.0,0.0,,0.3870967741935484,0.0,,0.5581395348837209,"[2, 5, 7, 8, 9, 11, 13, 14, 15, 18, 19, 20, 21, 23]",05,FW,FW,1,11,7.0,10,64,0.001,,10
CNN,0.39102564102564097,0.5454545454545454,0.7222222222222222,0.09090909090909091,,1.0,1.0,,0.4444444444444444,0.16666666666666669,,0.6153846153846153,"[2, 5, 7, 8, 9, 11, 13, 14, 15, 18, 19, 20, 21, 23]",07,FW,FW,1,11,7.0,10,64,0.001,,10
CNN,0.3665158371040724,0.46428571428571425,0.4066666666666666,0.07142857142857142,,0.8571428571428571,0.3333333333333333,,0.48,0.11764705882352941,,0.6153846153846153,"[2, 5, 7, 8, 9, 11, 13, 14, 15, 18, 19, 20, 21, 23]",08,FW,FW,1,11,7.0,10,64,0.001,,10
CNN,0.26086956521739135,0.46153846153846156,0.18181818181818182,0.0,,0.9230769230769231,0.0,,0.36363636363636365,0.0,,0.5217391304347827,"[2, 5, 7, 8, 9, 11, 13, 14, 15, 18, 19, 20, 21, 23]",09,FW,FW,1,11,7.0,10,64,0.001,,10
CNN,0.2136752136752137,0.1272727272727273,0.6666666666666666,0.2,0.0,0.18181818181818182,1.0,0.0,1.0,0.33333333333333337,0.0,0.3076923076923077,"[2, 5, 7, 8, 9, 11, 13, 14, 15, 18, 19, 20, 21, 23]",11,FW,FW,1,11,7.0,10,64,0.001,,10
CNN,0.022988505747126433,0.3333333333333333,0.011904761904761904,0.0,1.0,0.0,0.0,0.03571428571428571,0.0,0.0,0.0689655172413793,0.0,"[2, 5, 7, 8, 9, 11, 13, 14, 15, 18, 19, 20, 21, 23]",13,FW,FW,1,11,7.0,10,64,0.001,,10
CNN,0.30769230769230765,0.32,0.2962962962962963,0.96,0.0,0.0,0.8888888888888888,0.0,0.0,0.923076923076923,0.0,0.0,"[2, 5, 7, 8, 9, 11, 13, 14, 15, 18, 19, 20, 21, 23]",14,FW,FW,1,11,7.0,10,64,0.001,,10
CNN,0.49019607843137253,0.5,0.4807692307692308,1.0,,0.0,0.9615384615384616,,0.0,0.9803921568627451,,0.0,"[2, 5, 7, 8, 9, 11, 13, 14, 15, 18, 19, 20, 21, 23]",15,FW,FW,1,11,7.0,10,64,0.001,,10
CNN,0.3,0.3333333333333333,0.27272727272727276,1.0,0.0,0.0,0.8181818181818182,0.0,0.0,0.9,0.0,0.0,"[2, 5, 7, 8, 9, 11, 13, 14, 15, 18, 19, 20, 21, 23]",18,FW,FW,1,11,7.0,10,64,0.001,,10
CNN,0.20908004778972514,0.2878787878787879,0.3171296296296296,0.36363636363636365,0.0,0.5,0.8888888888888888,0.0,0.0625,0.5161290322580644,0.0,0.1111111111111111,"[2, 5, 7, 8, 9, 11, 13, 14, 15, 18, 19, 20, 21, 23]",19,FW,FW,1,11,7.0,10,64,0.001,,10
CNN,0.14393939393939395,0.38095238095238093,0.3666666666666667,0.14285714285714285,0.0,1.0,1.0,0.0,0.1,0.25,0.0,0.18181818181818182,"[2, 5, 7, 8, 9, 11, 13, 14, 15, 18, 19, 20, 21, 23]",20,FW,FW,1,11,7.0,10,64,0.001,,10
CNN,0.023809523809523808,0.3333333333333333,0.012345679012345678,0.0,0.0,1.0,0.0,0.0,0.037037037037037035,0.0,0.0,0.07142857142857142,"[2, 5, 7, 8, 9, 11, 13, 14, 15, 18, 19, 20, 21, 23]",21,FW,FW,1,11,7.0,10,64,0.001,,10
CNN,0.025641025641025644,0.3333333333333333,0.013333333333333334,0.0,0.0,1.0,0.0,0.0,0.04,0.0,0.0,0.07692307692307693,"[2, 5, 7, 8, 9, 11, 13, 14, 15, 18, 19, 20, 21, 23]",23,FW,FW,1,11,7.0,10,64,0.001,,10
CNN,0.23703703703703705,0.3137254901960784,0.19047619047619047,0.9411764705882353,0.0,0.0,0.5714285714285714,0.0,0.0,0.7111111111111111,0.0,0.0,"[2, 5, 7, 8, 9, 11, 13, 14, 15, 18, 19, 20, 21, 23]",02,FW,FW,1,64,7.0,10,64,0.001,,10
CNN,0.32037037037037036,0.3362573099415205,0.3717948717948718,0.8421052631578947,0.0,0.16666666666666666,0.6153846153846154,0.0,0.5,0.7111111111111111,0.0,0.25,"[2, 5, 7, 8, 9, 11, 13, 14, 15, 18, 19, 20, 21, 23]",05,FW,FW,1,64,7.0,10,64,0.001,,10
CNN,0.35532233883058467,0.35227272727272724,0.3621794871794872,0.6818181818181818,0.0,0.375,0.625,0.0,0.46153846153846156,0.6521739130434783,0.0,0.41379310344827586,"[2, 5, 7, 8, 9, 11, 13, 14, 15, 18, 19, 20, 21, 23]",07,FW,FW,1,64,7.0,10,64,0.001,,10
CNN,0.0,0.0,0.0,0.0,0.0,0.0,0.0,0.0,0.0,0.0,0.0,0.0,"[2, 5, 7, 8, 9, 11, 13, 14, 15, 18, 19, 20, 21, 23]",08,FW,FW,1,64,7.0,10,64,0.001,,10
CNN,0.0,0.0,0.0,0.0,0.0,0.0,0.0,0.0,0.0,0.0,0.0,0.0,"[2, 5, 7, 8, 9, 11, 13, 14, 15, 18, 19, 20, 21, 23]",09,FW,FW,1,64,7.0,10,64,0.001,,10
CNN,0.40092165898617516,0.4636363636363636,0.45,0.2,,0.7272727272727273,0.5,,0.4,0.28571428571428575,,0.5161290322580645,"[2, 5, 7, 8, 9, 11, 13, 14, 15, 18, 19, 20, 21, 23]",11,FW,FW,1,64,7.0,10,64,0.001,,10
CNN,0.044444444444444446,0.3333333333333333,0.023809523809523808,0.0,0.0,1.0,0.0,0.0,0.07142857142857142,0.0,0.0,0.13333333333333333,"[2, 5, 7, 8, 9, 11, 13, 14, 15, 18, 19, 20, 21, 23]",13,FW,FW,1,64,7.0,10,64,0.001,,10
CNN,0.07326007326007326,0.3466666666666667,0.358974358974359,0.04,0.0,1.0,1.0,0.0,0.07692307692307693,0.07692307692307693,0.0,0.14285714285714288,"[2, 5, 7, 8, 9, 11, 13, 14, 15, 18, 19, 20, 21, 23]",14,FW,FW,1,64,7.0,10,64,0.001,,10
CNN,0.49019607843137253,0.5,0.4807692307692308,1.0,,0.0,0.9615384615384616,,0.0,0.9803921568627451,,0.0,"[2, 5, 7, 8, 9, 11, 13, 14, 15, 18, 19, 20, 21, 23]",15,FW,FW,1,64,7.0,10,64,0.001,,10
CNN,0.3619047619047619,0.4259259259259259,0.34117647058823525,0.7777777777777778,0.5,0.0,0.8235294117647058,0.2,0.0,0.7999999999999999,0.28571428571428575,0.0,"[2, 5, 7, 8, 9, 11, 13, 14, 15, 18, 19, 20, 21, 23]",18,FW,FW,1,64,7.0,10,64,0.001,,10
CNN,0.27272727272727276,0.27272727272727276,0.27272727272727276,0.8181818181818182,0.0,0.0,0.8181818181818182,0.0,0.0,0.8181818181818182,0.0,0.0,"[2, 5, 7, 8, 9, 11, 13, 14, 15, 18, 19, 20, 21, 23]",19,FW,FW,1,64,7.0,10,64,0.001,,10
CNN,0.02666666666666666,0.3333333333333333,0.013888888888888888,0.0,1.0,0.0,0.0,0.041666666666666664,0.0,0.0,0.07999999999999999,0.0,"[2, 5, 7, 8, 9, 11, 13, 14, 15, 18, 19, 20, 21, 23]",20,FW,FW,1,64,7.0,10,64,0.001,,10
CNN,0.023809523809523808,0.3333333333333333,0.012345679012345678,0.0,1.0,0.0,0.0,0.037037037037037035,0.0,0.0,0.07142857142857142,0.0,"[2, 5, 7, 8, 9, 11, 13, 14, 15, 18, 19, 20, 21, 23]",21,FW,FW,1,64,7.0,10,64,0.001,,10
CNN,0.22758620689655173,0.4393939393939394,0.3703703703703704,0.3181818181818182,1.0,0.0,1.0,0.1111111111111111,0.0,0.4827586206896552,0.19999999999999998,0.0,"[2, 5, 7, 8, 9, 11, 13, 14, 15, 18, 19, 20, 21, 23]",23,FW,FW,1,64,7.0,10,64,0.001,,10
LSTM,0.1027077497665733,0.3541666666666667,0.3684210526315789,0.0625,0.0,1.0,1.0,0.0,0.10526315789473684,0.11764705882352941,0.0,0.19047619047619047,"[3, 5, 6, 7, 8, 10, 12, 20, 23, 24, 25]",03,LW,LW,3,32,6.25,10,64,0.001,,17
LSTM,0.42265795206971674,0.6078431372549019,0.3697478991596639,0.8235294117647058,0.0,1.0,0.8235294117647058,0.0,0.2857142857142857,0.8235294117647058,0.0,0.4444444444444444,"[3, 5, 6, 7, 8, 10, 12, 20, 23, 24, 25]",05,LW,LW,3,32,6.25,10,64,0.001,,17
LSTM,0.20600414078674947,0.3304093567251462,0.32575757575757575,0.15789473684210525,0.8333333333333334,0.0,0.75,0.22727272727272727,0.0,0.2608695652173913,0.35714285714285715,0.0,"[3, 5, 6, 7, 8, 10, 12, 20, 23, 24, 25]",06,LW,LW,3,32,6.25,10,64,0.001,,17
LSTM,0.2572463768115942,0.38095238095238093,0.45098039215686275,0.14285714285714285,1.0,0.0,1.0,0.35294117647058826,0.0,0.25,0.5217391304347826,0.0,"[3, 5, 6, 7, 8, 10, 12, 20, 23, 24, 25]",07,LW,LW,3,32,6.25,10,64,0.001,,17
LSTM,0.19138755980861244,0.40740740740740744,0.37254901960784315,0.2222222222222222,1.0,0.0,1.0,0.11764705882352941,0.0,0.36363636363636365,0.21052631578947367,0.0,"[3, 5, 6, 7, 8, 10, 12, 20, 23, 24, 25]",08,LW,LW,3,32,6.25,10,64,0.001,,17
LSTM,0.12345679012345678,0.3333333333333333,0.07575757575757576,0.0,1.0,0.0,0.0,0.22727272727272727,0.0,0.0,0.37037037037037035,0.0,"[3, 5, 6, 7, 8, 10, 12, 20, 23, 24, 25]",10,LW,LW,3,32,6.25,10,64,0.001,,17
LSTM,0.16507936507936508,0.42105263157894735,0.29444444444444445,0.2631578947368421,0.0,1.0,0.8333333333333334,0.0,0.05,0.4,0.0,0.09523809523809523,"[3, 5, 6, 7, 8, 10, 12, 20, 23, 24, 25]",12,LW,LW,3,32,6.25,10,64,0.001,,17
LSTM,0.2702702702702703,0.2777777777777778,0.2631578947368421,0.8333333333333334,0.0,0.0,0.7894736842105263,0.0,0.0,0.8108108108108109,0.0,0.0,"[3, 5, 6, 7, 8, 10, 12, 20, 23, 24, 25]",20,LW,LW,3,32,6.25,10,64,0.001,,17
LSTM,0.36507936507936506,0.6428571428571428,0.5833333333333334,0.2857142857142857,1.0,,1.0,0.16666666666666666,,0.4444444444444444,0.2857142857142857,,"[3, 5, 6, 7, 8, 10, 12, 20, 23, 24, 25]",23,LW,LW,3,32,6.25,10,64,0.001,,17
LSTM,0.24888888888888885,0.4444444444444444,0.33699633699633696,0.3333333333333333,0.0,1.0,0.8571428571428571,0.0,0.15384615384615385,0.48,0.0,0.26666666666666666,"[3, 5, 6, 7, 8, 10, 12, 20, 23, 24, 25]",24,LW,LW,3,32,6.25,10,64,0.001,,17
LSTM,0.12121212121212122,0.3333333333333333,0.07407407407407407,0.0,1.0,0.0,0.0,0.2222222222222222,0.0,0.0,0.36363636363636365,0.0,"[3, 5, 6, 7, 8, 10, 12, 20, 23, 24, 25]",03,LW,LW,3,100,6.25,10,64,0.001,,17
LSTM,0.2764227642276423,0.3333333333333333,0.23611111111111113,1.0,0.0,0.0,0.7083333333333334,0.0,0.0,0.8292682926829268,0.0,0.0,"[3, 5, 6, 7, 8, 10, 12, 20, 23, 24, 25]",05,LW,LW,3,100,6.25,10,64,0.001,,17
LSTM,0.10752688172043011,0.2777777777777778,0.06666666666666667,0.0,0.8333333333333334,0.0,0.0,0.2,0.0,0.0,0.3225806451612903,0.0,"[3, 5, 6, 7, 8, 10, 12, 20, 23, 24, 25]",06,LW,LW,3,100,6.25,10,64,0.001,,17
LSTM,0.23655913978494625,0.2619047619047619,0.21568627450980393,0.7857142857142857,0.0,0.0,0.6470588235294118,0.0,0.0,0.7096774193548387,0.0,0.0,"[3, 5, 6, 7, 8, 10, 12, 20, 23, 24, 25]",07,LW,LW,3,100,6.25,10,64,0.001,,17
LSTM,0.08695652173913043,0.05555555555555555,0.19999999999999998,0.16666666666666666,0.0,0.0,0.6,0.0,0.0,0.2608695652173913,0.0,0.0,"[3, 5, 6, 7, 8, 10, 12, 20, 23, 24, 25]",08,LW,LW,3,100,6.25,10,64,0.001,,17
LSTM,0.1406060606060606,0.12222222222222223,0.1984126984126984,0.16666666666666666,0.2,0.0,0.42857142857142855,0.16666666666666666,0.0,0.24,0.18181818181818182,0.0,"[3, 5, 6, 7, 8, 10, 12, 20, 23, 24, 25]",10,LW,LW,3,100,6.25,10,64,0.001,,17
LSTM,0.3352326685660019,0.5672514619883041,0.4305555555555555,0.3684210526315789,0.3333333333333333,1.0,0.875,0.3333333333333333,0.08333333333333333,0.5185185185185185,0.3333333333333333,0.15384615384615385,"[3, 5, 6, 7, 8, 10, 12, 20, 23, 24, 25]",12,LW,LW,3,100,6.25,10,64,0.001,,17
LSTM,0.21450617283950615,0.24074074074074073,0.2849002849002849,0.3888888888888889,0.3333333333333333,0.0,0.7777777777777778,0.07692307692307693,0.0,0.5185185185185185,0.125,0.0,"[3, 5, 6, 7, 8, 10, 12, 20, 23, 24, 25]",20,LW,LW,3,100,6.25,10,64,0.001,,17
LSTM,0.4666666666666667,0.5,0.4375,1.0,0.0,,0.875,0.0,,0.9333333333333333,0.0,,"[3, 5, 6, 7, 8, 10, 12, 20, 23, 24, 25]",23,LW,LW,3,100,6.25,10,64,0.001,,17
LSTM,0.37121212121212127,0.4444444444444444,0.36904761904761907,0.6666666666666666,0.6666666666666666,0.0,0.8571428571428571,0.25,0.0,0.75,0.36363636363636365,0.0,"[3, 5, 6, 7, 8, 10, 12, 20, 23, 24, 25]",24,LW,LW,3,100,6.25,10,64,0.001,,17
LSTM,0.2702702702702703,0.3125,0.2380952380952381,0.9375,0.0,0.0,0.7142857142857143,0.0,0.0,0.8108108108108109,0.0,0.0,"[3, 5, 6, 7, 8, 10, 12, 20, 23, 24, 25]",03,LW,LW,3,42,6.25,10,64,0.001,,17
LSTM,0.19354838709677422,0.17647058823529413,0.2142857142857143,0.5294117647058824,0.0,0.0,0.6428571428571429,0.0,0.0,0.5806451612903226,0.0,0.0,"[3, 5, 6, 7, 8, 10, 12, 20, 23, 24, 25]",05,LW,LW,3,42,6.25,10,64,0.001,,17
LSTM,0.1384126984126984,0.40350877192982454,0.2388888888888889,0.21052631578947367,0.0,1.0,0.6666666666666666,0.0,0.05,0.32,0.0,0.09523809523809523,"[3, 5, 6, 7, 8, 10, 12, 20, 23, 24, 25]",06,LW,LW,3,42,6.25,10,64,0.001,,17
LSTM,0.27697262479871176,0.2222222222222222,0.3703703703703704,0.5,0.16666666666666666,0.0,0.7777777777777778,0.3333333333333333,0.0,0.6086956521739131,0.2222222222222222,0.0,"[3, 5, 6, 7, 8, 10, 12, 20, 23, 24, 25]",07,LW,LW,3,42,6.25,10,64,0.001,,17
LSTM,0.03508771929824561,0.3333333333333333,0.018518518518518517,0.0,0.0,1.0,0.0,0.0,0.05555555555555555,0.0,0.0,0.10526315789473684,"[3, 5, 6, 7, 8, 10, 12, 20, 23, 24, 25]",08,LW,LW,3,42,6.25,10,64,0.001,,17
LSTM,0.2280701754385965,0.24074074074074073,0.21666666666666667,0.7222222222222222,0.0,0.0,0.65,0.0,0.0,0.6842105263157895,0.0,0.0,"[3, 5, 6, 7, 8, 10, 12, 20, 23, 24, 25]",10,LW,LW,3,42,6.25,10,64,0.001,,17
LSTM,0.23799283154121864,0.49122807017543857,0.2738095238095238,0.47368421052631576,0.0,1.0,0.75,0.0,0.07142857142857142,0.5806451612903226,0.0,0.13333333333333333,"[3, 5, 6, 7, 8, 10, 12, 20, 23, 24, 25]",12,LW,LW,3,42,6.25,10,64,0.001,,17
LSTM,0.41111111111111115,0.6111111111111112,0.36111111111111116,0.8333333333333334,0.0,1.0,0.8333333333333334,0.0,0.25,0.8333333333333334,0.0,0.4,"[3, 5, 6, 7, 8, 10, 12, 20, 23, 24, 25]",20,LW,LW,3,42,6.25,10,64,0.001,,17
LSTM,0.4666666666666667,0.5,0.4375,1.0,0.0,,0.875,0.0,,0.9333333333333333,0.0,,"[3, 5, 6, 7, 8, 10, 12, 20, 23, 24, 25]",23,LW,LW,3,42,6.25,10,64,0.001,,17
LSTM,0.2349206349206349,0.3148148148148148,0.2923076923076923,0.4444444444444444,0.0,0.5,0.8,0.0,0.07692307692307693,0.5714285714285714,0.0,0.13333333333333333,"[3, 5, 6, 7, 8, 10, 12, 20, 23, 24, 25]",24,LW,LW,3,42,6.25,10,64,0.001,,17
LSTM,0.10515873015873016,0.20833333333333334,0.15714285714285714,0.125,0.0,0.5,0.4,0.0,0.07142857142857142,0.19047619047619047,0.0,0.125,"[3, 5, 6, 7, 8, 10, 12, 20, 23, 24, 25]",03,LW,LW,3,12,6.25,10,64,0.001,,17
LSTM,0.1728395061728395,0.1372549019607843,0.2333333333333333,0.4117647058823529,0.0,0.0,0.7,0.0,0.0,0.5185185185185185,0.0,0.0,"[3, 5, 6, 7, 8, 10, 12, 20, 23, 24, 25]",05,LW,LW,3,12,6.25,10,64,0.001,,17
LSTM,0.19999999999999998,0.1783625730994152,0.24915824915824913,0.3684210526315789,0.16666666666666666,0.0,0.6363636363636364,0.1111111111111111,0.0,0.4666666666666667,0.13333333333333333,0.0,"[3, 5, 6, 7, 8, 10, 12, 20, 23, 24, 25]",06,LW,LW,3,12,6.25,10,64,0.001,,17
LSTM,0.16865079365079363,0.15079365079365079,0.2238095238095238,0.2857142857142857,0.16666666666666666,0.0,0.5714285714285714,0.1,0.0,0.38095238095238093,0.125,0.0,"[3, 5, 6, 7, 8, 10, 12, 20, 23, 24, 25]",07,LW,LW,3,12,6.25,10,64,0.001,,17
LSTM,0.35714285714285715,0.3148148148148148,0.43333333333333335,0.4444444444444444,0.5,0.0,0.8,0.5,0.0,0.5714285714285714,0.5,0.0,"[3, 5, 6, 7, 8, 10, 12, 20, 23, 24, 25]",08,LW,LW,3,12,6.25,10,64,0.001,,17
LSTM,0.2828282828282828,0.3703703703703704,0.28148148148148144,0.6111111111111112,0.0,0.5,0.7333333333333333,0.0,0.1111111111111111,0.6666666666666666,0.0,0.18181818181818182,"[3, 5, 6, 7, 8, 10, 12, 20, 23, 24, 25]",10,LW,LW,3,12,6.25,10,64,0.001,,17
LSTM,0.12121212121212122,0.18421052631578946,0.17361111111111108,0.05263157894736842,0.5,0.0,0.3333333333333333,0.1875,0.0,0.09090909090909091,0.2727272727272727,0.0,"[3, 5, 6, 7, 8, 10, 12, 20, 23, 24, 25]",12,LW,LW,3,12,6.25,10,64,0.001,,17
LSTM,0.2871794871794872,0.2222222222222222,0.4166666666666667,0.3333333333333333,0.3333333333333333,0.0,0.75,0.5,0.0,0.46153846153846156,0.4,0.0,"[3, 5, 6, 7, 8, 10, 12, 20, 23, 24, 25]",20,LW,LW,3,12,6.25,10,64,0.001,,17
LSTM,0.4482758620689655,0.4642857142857143,0.43333333333333335,0.9285714285714286,0.0,,0.8666666666666667,0.0,,0.896551724137931,0.0,,"[3, 5, 6, 7, 8, 10, 12, 20, 23, 24, 25]",23,LW,LW,3,12,6.25,10,64,0.001,,17
LSTM,0.2926829268292683,0.3333333333333333,0.2608695652173913,1.0,0.0,0.0,0.782608695652174,0.0,0.0,0.8780487804878049,0.0,0.0,"[3, 5, 6, 7, 8, 10, 12, 20, 23, 24, 25]",24,LW,LW,3,12,6.25,10,64,0.001,,17
LSTM,0.1851851851851852,0.375,0.39999999999999997,0.125,1.0,0.0,1.0,0.2,0.0,0.2222222222222222,0.3333333333333333,0.0,"[3, 5, 6, 7, 8, 10, 12, 20, 23, 24, 25]",03,LW,LW,3,52,6.25,10,64,0.001,,17
LSTM,0.1728395061728395,0.1372549019607843,0.2333333333333333,0.4117647058823529,0.0,0.0,0.7,0.0,0.0,0.5185185185185185,0.0,0.0,"[3, 5, 6, 7, 8, 10, 12, 20, 23, 24, 25]",05,LW,LW,3,52,6.25,10,64,0.001,,17
LSTM,0.024691358024691357,0.3333333333333333,0.012820512820512822,0.0,0.0,1.0,0.0,0.0,0.038461538461538464,0.0,0.0,0.07407407407407407,"[3, 5, 6, 7, 8, 10, 12, 20, 23, 24, 25]",06,LW,LW,3,52,6.25,10,64,0.001,,17
LSTM,0.10916179337231968,0.3888888888888889,0.12962962962962962,0.0,0.16666666666666666,1.0,0.0,0.3333333333333333,0.05555555555555555,0.0,0.2222222222222222,0.10526315789473684,"[3, 5, 6, 7, 8, 10, 12, 20, 23, 24, 25]",07,LW,LW,3,52,6.25,10,64,0.001,,17
LSTM,0.15384615384615385,0.1111111111111111,0.25,0.3333333333333333,0.0,0.0,0.75,0.0,0.0,0.46153846153846156,0.0,0.0,"[3, 5, 6, 7, 8, 10, 12, 20, 23, 24, 25]",08,LW,LW,3,52,6.25,10,64,0.001,,17
LSTM,0.3333333333333333,0.39999999999999997,0.35833333333333334,0.5,0.2,0.5,0.75,0.2,0.125,0.6,0.2,0.2,"[3, 5, 6, 7, 8, 10, 12, 20, 23, 24, 25]",10,LW,LW,3,52,6.25,10,64,0.001,,17
LSTM,0.2555555555555556,0.4766081871345029,0.5175438596491228,0.2631578947368421,0.16666666666666666,1.0,1.0,0.5,0.05263157894736842,0.4166666666666667,0.25,0.1,"[3, 5, 6, 7, 8, 10, 12, 20, 23, 24, 25]",12,LW,LW,3,52,6.25,10,64,0.001,,17
LSTM,0.35784313725490197,0.3703703703703704,0.35833333333333334,0.7777777777777778,0.3333333333333333,0.0,0.875,0.2,0.0,0.8235294117647058,0.25,0.0,"[3, 5, 6, 7, 8, 10, 12, 20, 23, 24, 25]",20,LW,LW,3,52,6.25,10,64,0.001,,17
LSTM,0.125,0.2857142857142857,0.2857142857142857,0.07142857142857142,0.5,,0.5,0.07142857142857142,,0.125,0.125,,"[3, 5, 6, 7, 8, 10, 12, 20, 23, 24, 25]",23,LW,LW,3,52,6.25,10,64,0.001,,17
LSTM,0.057971014492753624,0.3333333333333333,0.031746031746031744,0.0,0.0,1.0,0.0,0.0,0.09523809523809523,0.0,0.0,0.17391304347826086,"[3, 5, 6, 7, 8, 10, 12, 20, 23, 24, 25]",24,LW,LW,3,52,6.25,10,64,0.001,,17
LSTM,0.4444444444444444,0.5,0.4,1.0,,0.0,0.8,,0.0,0.8888888888888888,,0.0,"[2, 5, 6, 9, 10, 11, 13, 15, 16, 17, 18, 19, 20, 24]",02,RW,RW,5,42,7.5,10,64,0.001,,29
LSTM,0.07407407407407407,0.3333333333333333,0.041666666666666664,0.0,0.0,1.0,0.0,0.0,0.125,0.0,0.0,0.2222222222222222,"[2, 5, 6, 9, 10, 11, 13, 15, 16, 17, 18, 19, 20, 24]",05,RW,RW,5,42,7.5,10,64,0.001,,29
LSTM,0.08333333333333333,0.3333333333333333,0.047619047619047616,0.0,0.0,1.0,0.0,0.0,0.14285714285714285,0.0,0.0,0.25,"[2, 5, 6, 9, 10, 11, 13, 15, 16, 17, 18, 19, 20, 24]",06,RW,RW,5,42,7.5,10,64,0.001,,29
LSTM,0.32996632996632996,0.5333333333333333,0.2619047619047619,0.6,0.0,1.0,0.5,0.0,0.2857142857142857,0.5454545454545454,0.0,0.4444444444444444,"[2, 5, 6, 9, 10, 11, 13, 15, 16, 17, 18, 19, 20, 24]",09,RW,RW,5,42,7.5,10,64,0.001,,29
LSTM,0.14814814814814814,0.3333333333333333,0.09523809523809523,0.0,0.0,1.0,0.0,0.0,0.2857142857142857,0.0,0.0,0.4444444444444444,"[2, 5, 6, 9, 10, 11, 13, 15, 16, 17, 18, 19, 20, 24]",10,RW,RW,5,42,7.5,10,64,0.001,,29
LSTM,0.4646464646464647,0.6,0.38888888888888884,0.8,0.0,1.0,0.6666666666666666,0.0,0.5,0.7272727272727273,0.0,0.6666666666666666,"[2, 5, 6, 9, 10, 11, 13, 15, 16, 17, 18, 19, 20, 24]",11,RW,RW,5,42,7.5,10,64,0.001,,29
LSTM,0.35555555555555557,0.4444444444444445,0.2962962962962963,0.8333333333333334,0.0,0.5,0.5555555555555556,0.0,0.3333333333333333,0.6666666666666666,0.0,0.4,"[2, 5, 6, 9, 10, 11, 13, 15, 16, 17, 18, 19, 20, 24]",13,RW,RW,5,42,7.5,10,64,0.001,,29
LSTM,0.16666666666666666,0.25,0.125,0.75,0.0,0.0,0.375,0.0,0.0,0.5,0.0,0.0,"[2, 5, 6, 9, 10, 11, 13, 15, 16, 17, 18, 19, 20, 24]",15,RW,RW,5,42,7.5,10,64,0.001,,29
LSTM,0.26666666666666666,0.3333333333333333,0.2222222222222222,1.0,0.0,0.0,0.6666666666666666,0.0,0.0,0.8,0.0,0.0,"[2, 5, 6, 9, 10, 11, 13, 15, 16, 17, 18, 19, 20, 24]",16,RW,RW,5,42,7.5,10,64,0.001,,29
LSTM,0.2619047619047619,0.3333333333333333,0.2333333333333333,0.5,0.0,0.5,0.5,0.0,0.2,0.5,0.0,0.2857142857142857,"[2, 5, 6, 9, 10, 11, 13, 15, 16, 17, 18, 19, 20, 24]",17,RW,RW,5,42,7.5,10,64,0.001,,29
LSTM,0.12121212121212122,0.3333333333333333,0.07407407407407407,0.0,0.0,1.0,0.0,0.0,0.2222222222222222,0.0,0.0,0.36363636363636365,"[2, 5, 6, 9, 10, 11, 13, 15, 16, 17, 18, 19, 20, 24]",18,RW,RW,5,42,7.5,10,64,0.001,,29
LSTM,0.3544973544973544,0.38888888888888884,0.38888888888888884,0.3333333333333333,0.5,0.3333333333333333,0.6666666666666666,0.25,0.25,0.4444444444444444,0.3333333333333333,0.2857142857142857,"[2, 5, 6, 9, 10, 11, 13, 15, 16, 17, 18, 19, 20, 24]",19,RW,RW,5,42,7.5,10,64,0.001,,29
LSTM,0.3333333333333333,0.5,0.27777777777777773,0.0,0.5,1.0,0.0,0.5,0.3333333333333333,0.0,0.5,0.5,"[2, 5, 6, 9, 10, 11, 13, 15, 16, 17, 18, 19, 20, 24]",20,RW,RW,5,42,7.5,10,64,0.001,,29
LSTM,0.3151515151515151,0.3666666666666667,0.27777777777777773,0.6,0.5,0.0,0.5,0.3333333333333333,0.0,0.5454545454545454,0.4,0.0,"[2, 5, 6, 9, 10, 11, 13, 15, 16, 17, 18, 19, 20, 24]",24,RW,RW,5,42,7.5,10,64,0.001,,29
LSTM,0.1818181818181818,0.16666666666666666,0.19999999999999998,0.5,0.0,0.0,0.6,0.0,0.0,0.5454545454545454,0.0,0.0,"[2, 5, 6, 9, 10, 11, 13, 15, 16, 17, 18, 19, 20, 24]",02,RW,RW,5,12,7.5,10,64,0.001,,29
LSTM,0.19607843137254902,0.1851851851851852,0.20833333333333334,0.5555555555555556,0.0,0.0,0.625,0.0,0.0,0.5882352941176471,0.0,0.0,"[2, 5, 6, 9, 10, 11, 13, 15, 16, 17, 18, 19, 20, 24]",05,RW,RW,5,12,7.5,10,64,0.001,,29
LSTM,0.4222222222222222,0.5238095238095238,0.40952380952380957,0.5714285714285714,1.0,0.0,0.8,0.42857142857142855,0.0,0.6666666666666666,0.6,0.0,"[2, 5, 6, 9, 10, 11, 13, 15, 16, 17, 18, 19, 20, 24]",06,RW,RW,5,12,7.5,10,64,0.001,,29
LSTM,0.2605042016806723,0.2698412698412698,0.25595238095238093,0.14285714285714285,0.3333333333333333,0.3333333333333333,0.14285714285714285,0.375,0.25,0.14285714285714285,0.35294117647058826,0.2857142857142857,"[2, 5, 6, 9, 10, 11, 13, 15, 16, 17, 18, 19, 20, 24]",09,RW,RW,5,12,7.5,10,64,0.001,,29
LSTM,0.17663817663817663,0.17777777777777778,0.27777777777777773,0.2,0.0,0.3333333333333333,0.6666666666666666,0.0,0.16666666666666666,0.3076923076923077,0.0,0.2222222222222222,"[2, 5, 6, 9, 10, 11, 13, 15, 16, 17, 18, 19, 20, 24]",10,RW,RW,5,12,7.5,10,64,0.001,,29
LSTM,0.19166666666666665,0.23611111111111108,0.1726190476190476,0.375,0.0,0.3333333333333333,0.375,0.0,0.14285714285714285,0.375,0.0,0.2,"[2, 5, 6, 9, 10, 11, 13, 15, 16, 17, 18, 19, 20, 24]",11,RW,RW,5,12,7.5,10,64,0.001,,29
LSTM,0.39999999999999997,0.4305555555555556,0.6190476190476191,0.125,0.8333333333333334,0.3333333333333333,0.5,0.35714285714285715,1.0,0.2,0.5,0.5,"[2, 5, 6, 9, 10, 11, 13, 15, 16, 17, 18, 19, 20, 24]",13,RW,RW,5,12,7.5,10,64,0.001,,29
LSTM,0.26495726495726496,0.3333333333333333,0.2261904761904762,0.5,0.0,0.5,0.42857142857142855,0.0,0.25,0.46153846153846156,0.0,0.3333333333333333,"[2, 5, 6, 9, 10, 11, 13, 15, 16, 17, 18, 19, 20, 24]",15,RW,RW,5,12,7.5,10,64,0.001,,29
LSTM,0.25396825396825395,0.3333333333333333,0.20512820512820515,1.0,0.0,0.0,0.6153846153846154,0.0,0.0,0.7619047619047619,0.0,0.0,"[2, 5, 6, 9, 10, 11, 13, 15, 16, 17, 18, 19, 20, 24]",16,RW,RW,5,12,7.5,10,64,0.001,,29
LSTM,0.16666666666666666,0.3333333333333333,0.1111111111111111,1.0,0.0,0.0,0.3333333333333333,0.0,0.0,0.5,0.0,0.0,"[2, 5, 6, 9, 10, 11, 13, 15, 16, 17, 18, 19, 20, 24]",17,RW,RW,5,12,7.5,10,64,0.001,,29
LSTM,0.2074074074074074,0.25555555555555554,0.2111111111111111,0.16666666666666666,0.6,0.0,0.3333333333333333,0.3,0.0,0.2222222222222222,0.4,0.0,"[2, 5, 6, 9, 10, 11, 13, 15, 16, 17, 18, 19, 20, 24]",18,RW,RW,5,12,7.5,10,64,0.001,,29
LSTM,0.34035087719298246,0.4537037037037037,0.7555555555555555,0.1111111111111111,1.0,0.25,1.0,0.26666666666666666,1.0,0.2,0.42105263157894735,0.4,"[2, 5, 6, 9, 10, 11, 13, 15, 16, 17, 18, 19, 20, 24]",19,RW,RW,5,12,7.5,10,64,0.001,,29
LSTM,0.05555555555555555,0.3333333333333333,0.030303030303030304,0.0,0.0,1.0,0.0,0.0,0.09090909090909091,0.0,0.0,0.16666666666666666,"[2, 5, 6, 9, 10, 11, 13, 15, 16, 17, 18, 19, 20, 24]",20,RW,RW,5,12,7.5,10,64,0.001,,29
LSTM,0.11764705882352942,0.3333333333333333,0.07142857142857142,0.0,1.0,0.0,0.0,0.21428571428571427,0.0,0.0,0.35294117647058826,0.0,"[2, 5, 6, 9, 10, 11, 13, 15, 16, 17, 18, 19, 20, 24]",24,RW,RW,5,12,7.5,10,64,0.001,,29
LSTM,0.0,0.0,0.0,0.0,0.0,0.0,0.0,0.0,0.0,0.0,0.0,0.0,"[2, 5, 6, 9, 10, 11, 13, 15, 16, 17, 18, 19, 20, 24]",02,RW,RW,5,100,7.5,10,64,0.001,,29
LSTM,0.2857142857142857,0.3333333333333333,0.25,1.0,0.0,0.0,0.75,0.0,0.0,0.8571428571428571,0.0,0.0,"[2, 5, 6, 9, 10, 11, 13, 15, 16, 17, 18, 19, 20, 24]",05,RW,RW,5,100,7.5,10,64,0.001,,29
LSTM,0.36507936507936506,0.5,0.42424242424242425,0.0,1.0,0.5,0.0,0.2727272727272727,1.0,0.0,0.42857142857142855,0.6666666666666666,"[2, 5, 6, 9, 10, 11, 13, 15, 16, 17, 18, 19, 20, 24]",06,RW,RW,5,100,7.5,10,64,0.001,,29
LSTM,0.1568627450980392,0.19047619047619047,0.13333333333333333,0.5714285714285714,0.0,0.0,0.4,0.0,0.0,0.47058823529411764,0.0,0.0,"[2, 5, 6, 9, 10, 11, 13, 15, 16, 17, 18, 19, 20, 24]",09,RW,RW,5,100,7.5,10,64,0.001,,29
LSTM,0.22954822954822954,0.39999999999999997,0.3006535947712418,0.2,1.0,0.0,0.6666666666666666,0.23529411764705882,0.0,0.3076923076923077,0.38095238095238093,0.0,"[2, 5, 6, 9, 10, 11, 13, 15, 16, 17, 18, 19, 20, 24]",10,RW,RW,5,100,7.5,10,64,0.001,,29
LSTM,0.41375661375661377,0.40277777777777773,0.4444444444444444,0.625,0.25,0.3333333333333333,0.5,0.3333333333333333,0.5,0.5555555555555556,0.2857142857142857,0.4,"[2, 5, 6, 9, 10, 11, 13, 15, 16, 17, 18, 19, 20, 24]",11,RW,RW,5,100,7.5,10,64,0.001,,29
LSTM,0.235838779956427,0.3194444444444444,0.5476190476190476,0.125,0.16666666666666666,0.6666666666666666,1.0,0.5,0.14285714285714285,0.2222222222222222,0.25,0.23529411764705882,"[2, 5, 6, 9, 10, 11, 13, 15, 16, 17, 18, 19, 20, 24]",13,RW,RW,5,100,7.5,10,64,0.001,,29
LSTM,0.6825396825396824,0.6666666666666666,0.8518518518518517,0.5,1.0,0.5,1.0,0.5555555555555556,1.0,0.6666666666666666,0.7142857142857143,0.6666666666666666,"[2, 5, 6, 9, 10, 11, 13, 15, 16, 17, 18, 19, 20, 24]",15,RW,RW,5,100,7.5,10,64,0.001,,29
LSTM,0.25396825396825395,0.3333333333333333,0.20512820512820515,1.0,0.0,0.0,0.6153846153846154,0.0,0.0,0.7619047619047619,0.0,0.0,"[2, 5, 6, 9, 10, 11, 13, 15, 16, 17, 18, 19, 20, 24]",16,RW,RW,5,100,7.5,10,64,0.001,,29
LSTM,0.18461538461538463,0.13888888888888887,0.38095238095238093,0.16666666666666666,0.0,0.25,0.14285714285714285,0.0,1.0,0.15384615384615385,0.0,0.4,"[2, 5, 6, 9, 10, 11, 13, 15, 16, 17, 18, 19, 20, 24]",17,RW,RW,5,100,7.5,10,64,0.001,,29
LSTM,0.3878787878787879,0.41111111111111115,0.38888888888888884,0.3333333333333333,0.4,0.5,0.5,0.3333333333333333,0.3333333333333333,0.4,0.36363636363636365,0.4,"[2, 5, 6, 9, 10, 11, 13, 15, 16, 17, 18, 19, 20, 24]",18,RW,RW,5,100,7.5,10,64,0.001,,29
LSTM,0.12698412698412698,0.3333333333333333,0.0784313725490196,0.0,1.0,0.0,0.0,0.23529411764705882,0.0,0.0,0.38095238095238093,0.0,"[2, 5, 6, 9, 10, 11, 13, 15, 16, 17, 18, 19, 20, 24]",19,RW,RW,5,100,7.5,10,64,0.001,,29
LSTM,0.05128205128205129,0.3333333333333333,0.027777777777777776,0.0,0.0,1.0,0.0,0.0,0.08333333333333333,0.0,0.0,0.15384615384615385,"[2, 5, 6, 9, 10, 11, 13, 15, 16, 17, 18, 19, 20, 24]",20,RW,RW,5,100,7.5,10,64,0.001,,29
LSTM,0.11764705882352942,0.3333333333333333,0.07142857142857142,0.0,1.0,0.0,0.0,0.21428571428571427,0.0,0.0,0.35294117647058826,0.0,"[2, 5, 6, 9, 10, 11, 13, 15, 16, 17, 18, 19, 20, 24]",24,RW,RW,5,100,7.5,10,64,0.001,,29
LSTM,0.07407407407407407,0.3333333333333333,0.041666666666666664,0.0,0.0,1.0,0.0,0.0,0.125,0.0,0.0,0.2222222222222222,"[2, 5, 6, 9, 10, 11, 13, 15, 16, 17, 18, 19, 20, 24]",02,RW,RW,5,72,7.5,10,64,0.001,,29
LSTM,0.0,0.0,0.0,0.0,0.0,0.0,0.0,0.0,0.0,0.0,0.0,0.0,"[2, 5, 6, 9, 10, 11, 13, 15, 16, 17, 18, 19, 20, 24]",05,RW,RW,5,72,7.5,10,64,0.001,,29
LSTM,0.14285714285714285,0.3333333333333333,0.0909090909090909,0.0,1.0,0.0,0.0,0.2727272727272727,0.0,0.0,0.42857142857142855,0.0,"[2, 5, 6, 9, 10, 11, 13, 15, 16, 17, 18, 19, 20, 24]",06,RW,RW,5,72,7.5,10,64,0.001,,29
LSTM,0.125,0.14285714285714285,0.1111111111111111,0.42857142857142855,0.0,0.0,0.3333333333333333,0.0,0.0,0.375,0.0,0.0,"[2, 5, 6, 9, 10, 11, 13, 15, 16, 17, 18, 19, 20, 24]",09,RW,RW,5,72,7.5,10,64,0.001,,29
LSTM,0.12698412698412698,0.3333333333333333,0.0784313725490196,0.0,1.0,0.0,0.0,0.23529411764705882,0.0,0.0,0.38095238095238093,0.0,"[2, 5, 6, 9, 10, 11, 13, 15, 16, 17, 18, 19, 20, 24]",10,RW,RW,5,72,7.5,10,64,0.001,,29
LSTM,0.11764705882352942,0.25,0.07692307692307693,0.0,0.75,0.0,0.0,0.23076923076923078,0.0,0.0,0.35294117647058826,0.0,"[2, 5, 6, 9, 10, 11, 13, 15, 16, 17, 18, 19, 20, 24]",11,RW,RW,5,72,7.5,10,64,0.001,,29
LSTM,0.0784313725490196,0.2222222222222222,0.047619047619047616,0.0,0.0,0.6666666666666666,0.0,0.0,0.14285714285714285,0.0,0.0,0.23529411764705882,"[2, 5, 6, 9, 10, 11, 13, 15, 16, 17, 18, 19, 20, 24]",13,RW,RW,5,72,7.5,10,64,0.001,,29
LSTM,0.5016835016835016,0.6222222222222222,0.6952380952380953,0.6666666666666666,0.2,1.0,0.8,1.0,0.2857142857142857,0.7272727272727273,0.3333333333333333,0.4444444444444444,"[2, 5, 6, 9, 10, 11, 13, 15, 16, 17, 18, 19, 20, 24]",15,RW,RW,5,72,7.5,10,64,0.001,,29
LSTM,0.37777777777777777,0.3611111111111111,0.3968253968253968,0.75,0.0,0.3333333333333333,0.8571428571428571,0.0,0.3333333333333333,0.8,0.0,0.3333333333333333,"[2, 5, 6, 9, 10, 11, 13, 15, 16, 17, 18, 19, 20, 24]",16,RW,RW,5,72,7.5,10,64,0.001,,29
LSTM,0.3238095238095238,0.35555555555555557,0.3,0.6666666666666666,0.4,0.0,0.5,0.4,0.0,0.5714285714285714,0.4,0.0,"[2, 5, 6, 9, 10, 11, 13, 15, 16, 17, 18, 19, 20, 24]",17,RW,RW,5,72,7.5,10,64,0.001,,29
LSTM,0.19607843137254902,0.3333333333333333,0.1388888888888889,0.0,1.0,0.0,0.0,0.4166666666666667,0.0,0.0,0.5882352941176471,0.0,"[2, 5, 6, 9, 10, 11, 13, 15, 16, 17, 18, 19, 20, 24]",18,RW,RW,5,72,7.5,10,64,0.001,,29
LSTM,0.1984126984126984,0.19444444444444442,0.24166666666666667,0.3333333333333333,0.25,0.0,0.6,0.125,0.0,0.42857142857142855,0.16666666666666666,0.0,"[2, 5, 6, 9, 10, 11, 13, 15, 16, 17, 18, 19, 20, 24]",19,RW,RW,5,72,7.5,10,64,0.001,,29
LSTM,0.3267195767195767,0.5111111111111111,0.43650793650793646,0.2,0.3333333333333333,1.0,0.5,0.6666666666666666,0.14285714285714285,0.2857142857142857,0.4444444444444444,0.25,"[2, 5, 6, 9, 10, 11, 13, 15, 16, 17, 18, 19, 20, 24]",20,RW,RW,5,72,7.5,10,64,0.001,,29
LSTM,0.5370370370370371,0.5138888888888888,0.6777777777777777,0.875,0.3333333333333333,0.3333333333333333,0.7,0.3333333333333333,1.0,0.7777777777777778,0.3333333333333333,0.5,"[2, 5, 6, 9, 10, 11, 13, 15, 16, 17, 18, 19, 20, 24]",24,RW,RW,5,72,7.5,10,64,0.001,,29
LSTM,0.19047619047619047,0.16666666666666666,0.2222222222222222,0.5,0.0,0.0,0.6666666666666666,0.0,0.0,0.5714285714285714,0.0,0.0,"[2, 5, 6, 9, 10, 11, 13, 15, 16, 17, 18, 19, 20, 24]",02,RW,RW,5,92,7.5,10,64,0.001,,29
LSTM,0.1111111111111111,0.3333333333333333,0.06666666666666667,0.0,1.0,0.0,0.0,0.2,0.0,0.0,0.3333333333333333,0.0,"[2, 5, 6, 9, 10, 11, 13, 15, 16, 17, 18, 19, 20, 24]",05,RW,RW,5,92,7.5,10,64,0.001,,29
LSTM,0.3666666666666667,0.5333333333333333,0.3111111111111111,0.6,0.0,1.0,0.6,0.0,0.3333333333333333,0.6,0.0,0.5,"[2, 5, 6, 9, 10, 11, 13, 15, 16, 17, 18, 19, 20, 24]",06,RW,RW,5,92,7.5,10,64,0.001,,29
LSTM,0.4222222222222222,0.4222222222222222,0.4222222222222222,0.6,0.6666666666666666,0.0,0.6,0.6666666666666666,0.0,0.6,0.6666666666666666,0.0,"[2, 5, 6, 9, 10, 11, 13, 15, 16, 17, 18, 19, 20, 24]",09,RW,RW,5,92,7.5,10,64,0.001,,29
LSTM,0.38888888888888884,0.5555555555555555,0.3,0.0,0.6666666666666666,1.0,0.0,0.4,0.5,0.0,0.5,0.6666666666666666,"[2, 5, 6, 9, 10, 11, 13, 15, 16, 17, 18, 19, 20, 24]",10,RW,RW,5,92,7.5,10,64,0.001,,29
LSTM,0.2222222222222222,0.24444444444444446,0.2222222222222222,0.4,0.3333333333333333,0.0,0.5,0.16666666666666666,0.0,0.4444444444444444,0.2222222222222222,0.0,"[2, 5, 6, 9, 10, 11, 13, 15, 16, 17, 18, 19, 20, 24]",11,RW,RW,5,92,7.5,10,64,0.001,,29
LSTM,0.1978021978021978,0.3888888888888889,0.393939393939394,0.16666666666666666,0.0,1.0,1.0,0.0,0.18181818181818182,0.2857142857142857,0.0,0.3076923076923077,"[2, 5, 6, 9, 10, 11, 13, 15, 16, 17, 18, 19, 20, 24]",13,RW,RW,5,92,7.5,10,64,0.001,,29
LSTM,0.08333333333333333,0.3333333333333333,0.047619047619047616,0.0,0.0,1.0,0.0,0.0,0.14285714285714285,0.0,0.0,0.25,"[2, 5, 6, 9, 10, 11, 13, 15, 16, 17, 18, 19, 20, 24]",15,RW,RW,5,92,7.5,10,64,0.001,,29
LSTM,0.3757575757575758,0.5555555555555555,0.35000000000000003,0.6666666666666666,1.0,0.0,0.8,0.25,0.0,0.7272727272727273,0.4,0.0,"[2, 5, 6, 9, 10, 11, 13, 15, 16, 17, 18, 19, 20, 24]",16,RW,RW,5,92,7.5,10,64,0.001,,29
LSTM,0.20512820512820515,0.3333333333333333,0.14814814814814814,0.0,1.0,0.0,0.0,0.4444444444444444,0.0,0.0,0.6153846153846154,0.0,"[2, 5, 6, 9, 10, 11, 13, 15, 16, 17, 18, 19, 20, 24]",17,RW,RW,5,92,7.5,10,64,0.001,,29
LSTM,0.4523809523809524,0.5833333333333334,0.4444444444444444,0.75,0.0,1.0,1.0,0.0,0.3333333333333333,0.8571428571428571,0.0,0.5,"[2, 5, 6, 9, 10, 11, 13, 15, 16, 17, 18, 19, 20, 24]",18,RW,RW,5,92,7.5,10,64,0.001,,29
LSTM,0.36752136752136755,0.4444444444444445,0.32142857142857145,0.8333333333333334,0.5,0.0,0.7142857142857143,0.25,0.0,0.7692307692307693,0.3333333333333333,0.0,"[2, 5, 6, 9, 10, 11, 13, 15, 16, 17, 18, 19, 20, 24]",19,RW,RW,5,92,7.5,10,64,0.001,,29
LSTM,0.1818181818181818,0.3333333333333333,0.125,1.0,0.0,0.0,0.375,0.0,0.0,0.5454545454545454,0.0,0.0,"[2, 5, 6, 9, 10, 11, 13, 15, 16, 17, 18, 19, 20, 24]",20,RW,RW,5,92,7.5,10,64,0.001,,29
LSTM,0.3,0.5,0.2222222222222222,0.0,1.0,0.5,0.0,0.3333333333333333,0.3333333333333333,0.0,0.5,0.4,"[2, 5, 6, 9, 10, 11, 13, 15, 16, 17, 18, 19, 20, 24]",24,RW,RW,5,92,7.5,10,64,0.001,,29
CNN,0.26666666666666666,0.3333333333333333,0.2222222222222222,1.0,0.0,0.0,0.6666666666666666,0.0,0.0,0.8,0.0,0.0,"[2, 5, 6, 9, 10, 11, 13, 15, 16, 17, 18, 19, 20, 24]",02,RW,RW,5,100,6.5,10,64,0.001,,15
CNN,0.2857142857142857,0.3333333333333333,0.25,1.0,0.0,0.0,0.75,0.0,0.0,0.8571428571428571,0.0,0.0,"[2, 5, 6, 9, 10, 11, 13, 15, 16, 17, 18, 19, 20, 24]",05,RW,RW,5,100,6.5,10,64,0.001,,15
CNN,0.2222222222222222,0.3333333333333333,0.16666666666666666,1.0,0.0,0.0,0.5,0.0,0.0,0.6666666666666666,0.0,0.0,"[2, 5, 6, 9, 10, 11, 13, 15, 16, 17, 18, 19, 20, 24]",06,RW,RW,5,100,6.5,10,64,0.001,,15
CNN,0.08888888888888889,0.3333333333333333,0.05128205128205129,0.0,0.0,1.0,0.0,0.0,0.15384615384615385,0.0,0.0,0.26666666666666666,"[2, 5, 6, 9, 10, 11, 13, 15, 16, 17, 18, 19, 20, 24]",09,RW,RW,5,100,6.5,10,64,0.001,,15
CNN,0.24019607843137256,0.38095238095238093,0.4358974358974359,0.14285714285714285,0.0,1.0,1.0,0.0,0.3076923076923077,0.25,0.0,0.47058823529411764,"[2, 5, 6, 9, 10, 11, 13, 15, 16, 17, 18, 19, 20, 24]",10,RW,RW,5,100,6.5,10,64,0.001,,15
CNN,0.2222222222222222,0.3333333333333333,0.16666666666666666,1.0,0.0,0.0,0.5,0.0,0.0,0.6666666666666666,0.0,0.0,"[2, 5, 6, 9, 10, 11, 13, 15, 16, 17, 18, 19, 20, 24]",11,RW,RW,5,100,6.5,10,64,0.001,,15
CNN,0.10256410256410257,0.3333333333333333,0.06060606060606061,0.0,0.0,1.0,0.0,0.0,0.18181818181818182,0.0,0.0,0.3076923076923077,"[2, 5, 6, 9, 10, 11, 13, 15, 16, 17, 18, 19, 20, 24]",13,RW,RW,5,100,6.5,10,64,0.001,,15
CNN,0.35555555555555557,0.4166666666666667,0.5,1.0,0.25,0.0,0.5,1.0,0.0,0.6666666666666666,0.4,0.0,"[2, 5, 6, 9, 10, 11, 13, 15, 16, 17, 18, 19, 20, 24]",15,RW,RW,5,100,6.5,10,64,0.001,,15
CNN,0.47863247863247865,0.4444444444444445,0.5714285714285715,0.8333333333333334,0.0,0.5,0.7142857142857143,0.0,1.0,0.7692307692307693,0.0,0.6666666666666666,"[2, 5, 6, 9, 10, 11, 13, 15, 16, 17, 18, 19, 20, 24]",16,RW,RW,5,100,6.5,10,64,0.001,,15
CNN,0.3333333333333333,0.4444444444444444,0.4444444444444444,0.3333333333333333,0.0,1.0,1.0,0.0,0.3333333333333333,0.5,0.0,0.5,"[2, 5, 6, 9, 10, 11, 13, 15, 16, 17, 18, 19, 20, 24]",17,RW,RW,5,100,6.5,10,64,0.001,,15
CNN,0.19999999999999998,0.25,0.16666666666666666,0.75,0.0,0.0,0.5,0.0,0.0,0.6,0.0,0.0,"[2, 5, 6, 9, 10, 11, 13, 15, 16, 17, 18, 19, 20, 24]",18,RW,RW,5,100,6.5,10,64,0.001,,15
CNN,0.20833333333333334,0.3333333333333333,0.15151515151515152,1.0,0.0,0.0,0.45454545454545453,0.0,0.0,0.625,0.0,0.0,"[2, 5, 6, 9, 10, 11, 13, 15, 16, 17, 18, 19, 20, 24]",19,RW,RW,5,100,6.5,10,64,0.001,,15
CNN,0.35714285714285715,0.5,0.2777777777777778,0.0,1.0,,0.0,0.5555555555555556,,0.0,0.7142857142857143,,"[2, 5, 6, 9, 10, 11, 13, 15, 16, 17, 18, 19, 20, 24]",20,RW,RW,5,100,6.5,10,64,0.001,,15
CNN,0.08333333333333333,0.16666666666666666,0.05555555555555555,0.0,0.0,0.5,0.0,0.0,0.16666666666666666,0.0,0.0,0.25,"[2, 5, 6, 9, 10, 11, 13, 15, 16, 17, 18, 19, 20, 24]",24,RW,RW,5,100,6.5,10,64,0.001,,15
CNN,0.2222222222222222,0.25,0.19999999999999998,0.75,0.0,0.0,0.6,0.0,0.0,0.6666666666666666,0.0,0.0,"[2, 5, 6, 9, 10, 11, 13, 15, 16, 17, 18, 19, 20, 24]",02,RW,RW,5,42,6.5,10,64,0.001,,15
CNN,0.07407407407407407,0.3333333333333333,0.041666666666666664,0.0,0.0,1.0,0.0,0.0,0.125,0.0,0.0,0.2222222222222222,"[2, 5, 6, 9, 10, 11, 13, 15, 16, 17, 18, 19, 20, 24]",05,RW,RW,5,42,6.5,10,64,0.001,,15
CNN,0.35555555555555557,0.5,0.27777777777777773,0.0,0.5,1.0,0.0,0.3333333333333333,0.5,0.0,0.4,0.6666666666666666,"[2, 5, 6, 9, 10, 11, 13, 15, 16, 17, 18, 19, 20, 24]",06,RW,RW,5,42,6.5,10,64,0.001,,15
CNN,0.06060606060606061,0.05555555555555555,0.06666666666666667,0.0,0.16666666666666666,0.0,0.0,0.2,0.0,0.0,0.18181818181818182,0.0,"[2, 5, 6, 9, 10, 11, 13, 15, 16, 17, 18, 19, 20, 24]",09,RW,RW,5,42,6.5,10,64,0.001,,15
CNN,0.11616161616161617,0.15873015873015872,0.12037037037037036,0.14285714285714285,0.3333333333333333,0.0,0.25,0.1111111111111111,0.0,0.18181818181818182,0.16666666666666666,0.0,"[2, 5, 6, 9, 10, 11, 13, 15, 16, 17, 18, 19, 20, 24]",10,RW,RW,5,42,6.5,10,64,0.001,,15
CNN,0.2222222222222222,0.3333333333333333,0.16666666666666666,1.0,0.0,0.0,0.5,0.0,0.0,0.6666666666666666,0.0,0.0,"[2, 5, 6, 9, 10, 11, 13, 15, 16, 17, 18, 19, 20, 24]",11,RW,RW,5,42,6.5,10,64,0.001,,15
CNN,0.09523809523809523,0.3333333333333333,0.05555555555555555,0.0,0.0,1.0,0.0,0.0,0.16666666666666666,0.0,0.0,0.2857142857142857,"[2, 5, 6, 9, 10, 11, 13, 15, 16, 17, 18, 19, 20, 24]",13,RW,RW,5,42,6.5,10,64,0.001,,15
CNN,0.20512820512820515,0.3333333333333333,0.14814814814814814,0.0,1.0,0.0,0.0,0.4444444444444444,0.0,0.0,0.6153846153846154,0.0,"[2, 5, 6, 9, 10, 11, 13, 15, 16, 17, 18, 19, 20, 24]",15,RW,RW,5,42,6.5,10,64,0.001,,15
CNN,0.06666666666666667,0.3333333333333333,0.037037037037037035,0.0,1.0,0.0,0.0,0.1111111111111111,0.0,0.0,0.2,0.0,"[2, 5, 6, 9, 10, 11, 13, 15, 16, 17, 18, 19, 20, 24]",16,RW,RW,5,42,6.5,10,64,0.001,,15
CNN,0.47222222222222215,0.5277777777777778,0.4777777777777778,1.0,0.25,0.3333333333333333,0.6,0.5,0.3333333333333333,0.75,0.3333333333333333,0.3333333333333333,"[2, 5, 6, 9, 10, 11, 13, 15, 16, 17, 18, 19, 20, 24]",17,RW,RW,5,42,6.5,10,64,0.001,,15
CNN,0.2222222222222222,0.25,0.19999999999999998,0.75,0.0,0.0,0.6,0.0,0.0,0.6666666666666666,0.0,0.0,"[2, 5, 6, 9, 10, 11, 13, 15, 16, 17, 18, 19, 20, 24]",18,RW,RW,5,42,6.5,10,64,0.001,,15
CNN,0.15384615384615385,0.3333333333333333,0.09999999999999999,0.0,0.0,1.0,0.0,0.0,0.3,0.0,0.0,0.46153846153846156,"[2, 5, 6, 9, 10, 11, 13, 15, 16, 17, 18, 19, 20, 24]",19,RW,RW,5,42,6.5,10,64,0.001,,15
CNN,0.35714285714285715,0.5,0.2777777777777778,0.0,1.0,,0.0,0.5555555555555556,,0.0,0.7142857142857143,,"[2, 5, 6, 9, 10, 11, 13, 15, 16, 17, 18, 19, 20, 24]",20,RW,RW,5,42,6.5,10,64,0.001,,15
CNN,0.12121212121212122,0.3333333333333333,0.07407407407407407,0.0,0.0,1.0,0.0,0.0,0.2222222222222222,0.0,0.0,0.36363636363636365,"[2, 5, 6, 9, 10, 11, 13, 15, 16, 17, 18, 19, 20, 24]",24,RW,RW,5,42,6.5,10,64,0.001,,15
CNN,0.09523809523809523,0.3333333333333333,0.05555555555555555,0.0,1.0,0.0,0.0,0.16666666666666666,0.0,0.0,0.2857142857142857,0.0,"[2, 5, 6, 9, 10, 11, 13, 15, 16, 17, 18, 19, 20, 24]",02,RW,RW,5,82,6.5,10,64,0.001,,15
CNN,0.31746031746031744,0.6666666666666666,0.2222222222222222,0.0,1.0,1.0,0.0,0.5,0.16666666666666666,0.0,0.6666666666666666,0.2857142857142857,"[2, 5, 6, 9, 10, 11, 13, 15, 16, 17, 18, 19, 20, 24]",05,RW,RW,5,82,6.5,10,64,0.001,,15
CNN,0.2222222222222222,0.3333333333333333,0.16666666666666666,0.0,1.0,0.0,0.0,0.5,0.0,0.0,0.6666666666666666,0.0,"[2, 5, 6, 9, 10, 11, 13, 15, 16, 17, 18, 19, 20, 24]",06,RW,RW,5,82,6.5,10,64,0.001,,15
CNN,0.21052631578947367,0.3333333333333333,0.15384615384615385,0.0,1.0,0.0,0.0,0.46153846153846156,0.0,0.0,0.631578947368421,0.0,"[2, 5, 6, 9, 10, 11, 13, 15, 16, 17, 18, 19, 20, 24]",09,RW,RW,5,82,6.5,10,64,0.001,,15
CNN,0.14285714285714285,0.14285714285714285,0.14285714285714285,0.42857142857142855,0.0,0.0,0.42857142857142855,0.0,0.0,0.42857142857142855,0.0,0.0,"[2, 5, 6, 9, 10, 11, 13, 15, 16, 17, 18, 19, 20, 24]",10,RW,RW,5,82,6.5,10,64,0.001,,15
CNN,0.15384615384615385,0.3333333333333333,0.09999999999999999,0.0,1.0,0.0,0.0,0.3,0.0,0.0,0.46153846153846156,0.0,"[2, 5, 6, 9, 10, 11, 13, 15, 16, 17, 18, 19, 20, 24]",11,RW,RW,5,82,6.5,10,64,0.001,,15
CNN,0.16666666666666666,0.3333333333333333,0.1111111111111111,0.0,1.0,0.0,0.0,0.3333333333333333,0.0,0.0,0.5,0.0,"[2, 5, 6, 9, 10, 11, 13, 15, 16, 17, 18, 19, 20, 24]",13,RW,RW,5,82,6.5,10,64,0.001,,15
CNN,0.07407407407407407,0.08333333333333333,0.06666666666666667,0.0,0.25,0.0,0.0,0.2,0.0,0.0,0.2222222222222222,0.0,"[2, 5, 6, 9, 10, 11, 13, 15, 16, 17, 18, 19, 20, 24]",15,RW,RW,5,82,6.5,10,64,0.001,,15
CNN,0.0,0.0,0.0,0.0,0.0,0.0,0.0,0.0,0.0,0.0,0.0,0.0,"[2, 5, 6, 9, 10, 11, 13, 15, 16, 17, 18, 19, 20, 24]",16,RW,RW,5,82,6.5,10,64,0.001,,15
CNN,0.19047619047619047,0.3333333333333333,0.13333333333333333,0.0,1.0,0.0,0.0,0.4,0.0,0.0,0.5714285714285714,0.0,"[2, 5, 6, 9, 10, 11, 13, 15, 16, 17, 18, 19, 20, 24]",17,RW,RW,5,82,6.5,10,64,0.001,,15
CNN,0.4481481481481482,0.4444444444444444,0.4666666666666666,0.5,0.3333333333333333,0.5,0.4,0.5,0.5,0.4444444444444444,0.4,0.5,"[2, 5, 6, 9, 10, 11, 13, 15, 16, 17, 18, 19, 20, 24]",18,RW,RW,5,82,6.5,10,64,0.001,,15
CNN,0.27777777777777773,0.24444444444444446,0.42857142857142855,0.4,0.3333333333333333,0.0,0.2857142857142857,1.0,0.0,0.3333333333333333,0.5,0.0,"[2, 5, 6, 9, 10, 11, 13, 15, 16, 17, 18, 19, 20, 24]",19,RW,RW,5,82,6.5,10,64,0.001,,15
CNN,0.0,0.0,0.0,0.0,0.0,0.0,0.0,0.0,0.0,0.0,0.0,0.0,"[2, 5, 6, 9, 10, 11, 13, 15, 16, 17, 18, 19, 20, 24]",20,RW,RW,5,82,6.5,10,64,0.001,,15
CNN,0.12121212121212122,0.3333333333333333,0.07407407407407407,0.0,1.0,0.0,0.0,0.2222222222222222,0.0,0.0,0.36363636363636365,0.0,"[2, 5, 6, 9, 10, 11, 13, 15, 16, 17, 18, 19, 20, 24]",24,RW,RW,5,82,6.5,10,64,0.001,,15
CNN,0.09523809523809523,0.3333333333333333,0.05555555555555555,0.0,1.0,0.0,0.0,0.16666666666666666,0.0,0.0,0.2857142857142857,0.0,"[2, 5, 6, 9, 10, 11, 13, 15, 16, 17, 18, 19, 20, 24]",02,RW,RW,5,72,6.5,10,64,0.001,,15
CNN,0.1818181818181818,0.16666666666666666,0.19999999999999998,0.5,0.0,0.0,0.6,0.0,0.0,0.5454545454545454,0.0,0.0,"[2, 5, 6, 9, 10, 11, 13, 15, 16, 17, 18, 19, 20, 24]",05,RW,RW,5,72,6.5,10,64,0.001,,15
CNN,0.4646464646464647,0.5,0.5238095238095238,1.0,0.5,0.0,0.5714285714285714,1.0,0.0,0.7272727272727273,0.6666666666666666,0.0,"[2, 5, 6, 9, 10, 11, 13, 15, 16, 17, 18, 19, 20, 24]",06,RW,RW,5,72,6.5,10,64,0.001,,15
CNN,0.1851851851851852,0.3333333333333333,0.12820512820512822,1.0,0.0,0.0,0.38461538461538464,0.0,0.0,0.5555555555555556,0.0,0.0,"[2, 5, 6, 9, 10, 11, 13, 15, 16, 17, 18, 19, 20, 24]",09,RW,RW,5,72,6.5,10,64,0.001,,15
CNN,0.3544973544973544,0.40079365079365076,0.35555555555555557,0.2857142857142857,0.6666666666666666,0.25,0.4,0.3333333333333333,0.3333333333333333,0.3333333333333333,0.4444444444444444,0.2857142857142857,"[2, 5, 6, 9, 10, 11, 13, 15, 16, 17, 18, 19, 20, 24]",10,RW,RW,5,72,6.5,10,64,0.001,,15
CNN,0.12121212121212122,0.3333333333333333,0.07407407407407407,0.0,0.0,1.0,0.0,0.0,0.2222222222222222,0.0,0.0,0.36363636363636365,"[2, 5, 6, 9, 10, 11, 13, 15, 16, 17, 18, 19, 20, 24]",11,RW,RW,5,72,6.5,10,64,0.001,,15
CNN,0.05128205128205129,0.16666666666666666,0.030303030303030304,0.0,0.0,0.5,0.0,0.0,0.09090909090909091,0.0,0.0,0.15384615384615385,"[2, 5, 6, 9, 10, 11, 13, 15, 16, 17, 18, 19, 20, 24]",13,RW,RW,5,72,6.5,10,64,0.001,,15
CNN,0.20512820512820515,0.3333333333333333,0.14814814814814814,1.0,0.0,0.0,0.4444444444444444,0.0,0.0,0.6153846153846154,0.0,0.0,"[2, 5, 6, 9, 10, 11, 13, 15, 16, 17, 18, 19, 20, 24]",15,RW,RW,5,72,6.5,10,64,0.001,,15
CNN,0.3151515151515151,0.5,0.2833333333333333,0.5,1.0,0.0,0.6,0.25,0.0,0.5454545454545454,0.4,0.0,"[2, 5, 6, 9, 10, 11, 13, 15, 16, 17, 18, 19, 20, 24]",16,RW,RW,5,72,6.5,10,64,0.001,,15
CNN,0.3238095238095238,0.38888888888888884,0.31746031746031744,0.0,0.5,0.6666666666666666,0.0,0.6666666666666666,0.2857142857142857,0.0,0.5714285714285714,0.4,"[2, 5, 6, 9, 10, 11, 13, 15, 16, 17, 18, 19, 20, 24]",17,RW,RW,5,72,6.5,10,64,0.001,,15
CNN,0.20512820512820515,0.3333333333333333,0.14814814814814814,1.0,0.0,0.0,0.4444444444444444,0.0,0.0,0.6153846153846154,0.0,0.0,"[2, 5, 6, 9, 10, 11, 13, 15, 16, 17, 18, 19, 20, 24]",18,RW,RW,5,72,6.5,10,64,0.001,,15
CNN,0.23232323232323235,0.3333333333333333,0.19444444444444442,0.0,0.3333333333333333,0.6666666666666666,0.0,0.3333333333333333,0.25,0.0,0.3333333333333333,0.36363636363636365,"[2, 5, 6, 9, 10, 11, 13, 15, 16, 17, 18, 19, 20, 24]",19,RW,RW,5,72,6.5,10,64,0.001,,15
CNN,0.2777777777777778,0.3333333333333333,0.2380952380952381,0.0,1.0,0.0,0.0,0.7142857142857143,0.0,0.0,0.8333333333333334,0.0,"[2, 5, 6, 9, 10, 11, 13, 15, 16, 17, 18, 19, 20, 24]",20,RW,RW,5,72,6.5,10,64,0.001,,15
CNN,0.3148148148148148,0.5,0.2619047619047619,0.0,1.0,0.5,0.0,0.2857142857142857,0.5,0.0,0.4444444444444444,0.5,"[2, 5, 6, 9, 10, 11, 13, 15, 16, 17, 18, 19, 20, 24]",24,RW,RW,5,72,6.5,10,64,0.001,,15
LSTM,0.19047619047619047,0.2222222222222222,0.16666666666666666,0.6666666666666666,0.0,0.0,0.5,0.0,0.0,0.5714285714285714,0.0,0.0,"[2, 5, 7, 8, 9, 11, 13, 14, 15, 18, 19, 20, 21, 23]",02,FW,FW,1,92,1.0,5,64,0.001,,40
LSTM,0.25,0.25,0.25,0.0,0.0,0.75,0.0,0.0,0.75,0.0,0.0,0.75,"[2, 5, 7, 8, 9, 11, 13, 14, 15, 18, 19, 20, 21, 23]",05,FW,FW,1,92,1.0,5,64,0.001,,40
LSTM,0.35,0.4375,0.2916666666666667,0.875,,0.0,0.5833333333333334,,0.0,0.7,,0.0,"[2, 5, 7, 8, 9, 11, 13, 14, 15, 18, 19, 20, 21, 23]",07,FW,FW,1,92,1.0,5,64,0.001,,40
LSTM,0.13333333333333333,0.1111111111111111,0.16666666666666666,0.3333333333333333,0.0,0.0,0.5,0.0,0.0,0.4,0.0,0.0,"[2, 5, 7, 8, 9, 11, 13, 14, 15, 18, 19, 20, 21, 23]",08,FW,FW,1,92,1.0,5,64,0.001,,40
LSTM,0.17663817663817663,0.16666666666666666,0.20000000000000004,0.25,0.0,0.25,0.4,0.0,0.2,0.3076923076923077,0.0,0.2222222222222222,"[2, 5, 7, 8, 9, 11, 13, 14, 15, 18, 19, 20, 21, 23]",09,FW,FW,1,92,1.0,5,64,0.001,,40
LSTM,0.22857142857142856,0.16666666666666666,0.5,0.16666666666666666,0.0,0.3333333333333333,1.0,0.0,0.5,0.2857142857142857,0.0,0.4,"[2, 5, 7, 8, 9, 11, 13, 14, 15, 18, 19, 20, 21, 23]",11,FW,FW,1,92,1.0,5,64,0.001,,40
LSTM,0.09090909090909091,0.5,0.05,0.0,,1.0,0.0,,0.1,0.0,,0.18181818181818182,"[2, 5, 7, 8, 9, 11, 13, 14, 15, 18, 19, 20, 21, 23]",13,FW,FW,1,92,1.0,5,64,0.001,,40
LSTM,0.07407407407407407,0.3333333333333333,0.041666666666666664,0.0,0.0,1.0,0.0,0.0,0.125,0.0,0.0,0.2222222222222222,"[2, 5, 7, 8, 9, 11, 13, 14, 15, 18, 19, 20, 21, 23]",14,FW,FW,1,92,1.0,5,64,0.001,,40
LSTM,0.06666666666666667,0.041666666666666664,0.16666666666666666,0.125,0.0,0.0,0.5,0.0,0.0,0.2,0.0,0.0,"[2, 5, 7, 8, 9, 11, 13, 14, 15, 18, 19, 20, 21, 23]",15,FW,FW,1,92,1.0,5,64,0.001,,40
LSTM,0.09523809523809523,0.3333333333333333,0.05555555555555555,0.0,1.0,0.0,0.0,0.16666666666666666,0.0,0.0,0.2857142857142857,0.0,"[2, 5, 7, 8, 9, 11, 13, 14, 15, 18, 19, 20, 21, 23]",18,FW,FW,1,92,1.0,5,64,0.001,,40
LSTM,0.0,0.0,0.0,0.0,0.0,0.0,0.0,0.0,0.0,0.0,0.0,0.0,"[2, 5, 7, 8, 9, 11, 13, 14, 15, 18, 19, 20, 21, 23]",19,FW,FW,1,92,1.0,5,64,0.001,,40
LSTM,0.2916666666666667,0.2916666666666667,0.2916666666666667,0.875,0.0,0.0,0.875,0.0,0.0,0.875,0.0,0.0,"[2, 5, 7, 8, 9, 11, 13, 14, 15, 18, 19, 20, 21, 23]",20,FW,FW,1,92,1.0,5,64,0.001,,40
LSTM,0.47368421052631576,0.5,0.45,1.0,,0.0,0.9,,0.0,0.9473684210526315,,0.0,"[2, 5, 7, 8, 9, 11, 13, 14, 15, 18, 19, 20, 21, 23]",21,FW,FW,1,92,1.0,5,64,0.001,,40
LSTM,0.0,0.0,0.0,0.0,0.0,0.0,0.0,0.0,0.0,0.0,0.0,0.0,"[2, 5, 7, 8, 9, 11, 13, 14, 15, 18, 19, 20, 21, 23]",23,FW,FW,1,92,1.0,5,64,0.001,,40
LSTM,0.4,0.4,0.4,0.8,0.0,,0.8,0.0,,0.8,0.0,,"[3, 5, 6, 7, 8, 10, 12, 20, 23, 24, 25]",03,LW,LW,3,92,5.0,10,64,0.001,,40
LSTM,0.3333333333333333,0.6666666666666666,0.2222222222222222,0.0,1.0,1.0,0.0,0.3333333333333333,0.3333333333333333,0.0,0.5,0.5,"[3, 5, 6, 7, 8, 10, 12, 20, 23, 24, 25]",05,LW,LW,3,92,5.0,10,64,0.001,,40
LSTM,0.4166666666666667,0.5,0.35714285714285715,1.0,0.0,,0.7142857142857143,0.0,,0.8333333333333334,0.0,,"[3, 5, 6, 7, 8, 10, 12, 20, 23, 24, 25]",06,LW,LW,3,92,5.0,10,64,0.001,,40
LSTM,0.19047619047619047,0.3333333333333333,0.13333333333333333,0.0,1.0,0.0,0.0,0.4,0.0,0.0,0.5714285714285714,0.0,"[3, 5, 6, 7, 8, 10, 12, 20, 23, 24, 25]",07,LW,LW,3,92,5.0,10,64,0.001,,40
LSTM,0.3333333333333333,0.39999999999999997,0.5,0.2,1.0,0.0,1.0,0.5,0.0,0.3333333333333333,0.6666666666666666,0.0,"[3, 5, 6, 7, 8, 10, 12, 20, 23, 24, 25]",08,LW,LW,3,92,5.0,10,64,0.001,,40
LSTM,0.2222222222222222,0.16666666666666666,0.3333333333333333,0.3333333333333333,0.0,,0.6666666666666666,0.0,,0.4444444444444444,0.0,,"[3, 5, 6, 7, 8, 10, 12, 20, 23, 24, 25]",10,LW,LW,3,92,5.0,10,64,0.001,,40
LSTM,0.09523809523809523,0.05555555555555555,0.3333333333333333,0.16666666666666666,0.0,0.0,1.0,0.0,0.0,0.2857142857142857,0.0,0.0,"[3, 5, 6, 7, 8, 10, 12, 20, 23, 24, 25]",12,LW,LW,3,92,5.0,10,64,0.001,,40
LSTM,0.0,0.0,0.0,0.0,0.0,0.0,0.0,0.0,0.0,0.0,0.0,0.0,"[3, 5, 6, 7, 8, 10, 12, 20, 23, 24, 25]",20,LW,LW,3,92,5.0,10,64,0.001,,40
LSTM,0.2,0.16666666666666666,0.25,0.3333333333333333,0.0,,0.5,0.0,,0.4,0.0,,"[3, 5, 6, 7, 8, 10, 12, 20, 23, 24, 25]",23,LW,LW,3,92,5.0,10,64,0.001,,40
LSTM,0.0,0.0,0.0,0.0,0.0,0.0,0.0,0.0,0.0,0.0,0.0,0.0,"[3, 5, 6, 7, 8, 10, 12, 20, 23, 24, 25]",24,LW,LW,3,92,5.0,10,64,0.001,,40
