,Classifier,Accuracy,Precision,Recall,F1,Class0 Recall,Class1 Recall,Class2 Recall,Class0 Precision,Class1 Precision,Class2 Precision,Class0 F1,Class1 F1,Class2 F1,Macro F1,Macro Recall,Macro Precision,TrainParticipants,FinetunedParticipants,TrainConditions,TestConditions,Experiment,RandomState
0,MLP,0.6764705882352942,0.7827260458839406,0.6717171717171717,0.6136752136752137,0.18181818181818182,1.0,0.8333333333333334,1.0,0.5789473684210527,0.7692307692307693,0.3076923076923077,0.7333333333333334,0.8,0.6136752136752137,0.6717171717171717,0.7827260458839406,"[2, 5, 7, 8, 9, 11, 13, 14, 15, 18, 20, 23]","[19, 21]",FW,FW,1,42
0,MLP,0.38235294117647056,0.26814814814814814,0.37121212121212127,0.29549549549549553,0.36363636363636365,0.0,0.75,0.4444444444444444,0.0,0.36,0.39999999999999997,0.0,0.48648648648648657,0.29549549549549553,0.37121212121212127,0.26814814814814814,"[2, 5, 7, 8, 9, 11, 13, 14, 15, 18, 21, 23]","[19, 20]",FW,FW,1,42
0,MLP,0.6666666666666666,0.5,0.6666666666666666,0.5555555555555555,1.0,0.0,1.0,0.5,0.0,1.0,0.6666666666666666,0.0,1.0,0.5555555555555555,0.6666666666666666,0.5,"[2, 5, 7, 8, 9, 11, 14, 15, 19, 20, 21, 23]","[18, 13]",FW,FW,1,42
0,MLP,0.23076923076923078,0.2206368899917287,0.22657952069716777,0.20662131519274377,0.11764705882352941,0.11764705882352941,0.4444444444444444,0.25,0.15384615384615385,0.25806451612903225,0.15999999999999998,0.13333333333333333,0.32653061224489793,0.20662131519274377,0.22657952069716777,0.2206368899917287,"[2, 5, 7, 8, 9, 11, 13, 15, 18, 19, 20, 21]","[14, 23]",FW,FW,1,42
0,MLP,0.38235294117647056,0.26814814814814814,0.37121212121212127,0.29549549549549553,0.36363636363636365,0.0,0.75,0.4444444444444444,0.0,0.36,0.39999999999999997,0.0,0.48648648648648657,0.29549549549549553,0.37121212121212127,0.26814814814814814,"[2, 5, 7, 8, 9, 11, 13, 14, 15, 18, 21, 23]","[19, 20]",FW,FW,1,42
0,MLP,0.3684210526315789,0.3458949096880131,0.3655913978494623,0.32473677195788353,0.0967741935483871,0.6875,0.3125,0.3,0.39285714285714285,0.3448275862068966,0.14634146341463414,0.5,0.3278688524590164,0.32473677195788353,0.3655913978494623,0.3458949096880131,"[3, 5, 6, 7, 8, 10, 20, 23, 25]","[12, 24]",LW,LW,3,42
0,MLP,0.39655172413793105,0.36904761904761907,0.393859649122807,0.36582986228376296,0.10526315789473684,0.5263157894736842,0.55,0.25,0.35714285714285715,0.5,0.14814814814814814,0.425531914893617,0.5238095238095238,0.36582986228376296,0.393859649122807,0.36904761904761907,"[3, 5, 6, 7, 10, 20, 23, 24, 25]","[12, 8]",LW,LW,3,42
0,MLP,0.4642857142857143,0.6333333333333333,0.45925925925925926,0.4171428571428571,0.1111111111111111,0.6666666666666666,0.6,1.0,0.5,0.4,0.19999999999999998,0.5714285714285715,0.48,0.4171428571428571,0.45925925925925926,0.6333333333333333,"[3, 6, 7, 8, 10, 20, 23, 24, 25]","[5, 12]",LW,LW,3,42
0,MLP,0.4186046511627907,0.2871732026143791,0.41379310344827586,0.3367003367003367,0.0,0.7931034482758621,0.4482758620689655,0.0,0.4791666666666667,0.38235294117647056,0.0,0.5974025974025974,0.41269841269841273,0.3367003367003367,0.41379310344827586,0.2871732026143791,"[3, 5, 6, 8, 12, 20, 23, 24, 25]","[10, 7]",LW,LW,3,42
0,MLP,0.39655172413793105,0.36904761904761907,0.393859649122807,0.36582986228376296,0.10526315789473684,0.5263157894736842,0.55,0.25,0.35714285714285715,0.5,0.14814814814814814,0.425531914893617,0.5238095238095238,0.36582986228376296,0.393859649122807,0.36904761904761907,"[5, 6, 7, 10, 12, 20, 23, 24, 25]","[3, 8]",LW,LW,3,42
0,MLP,0.37037037037037035,0.3687830687830688,0.3703703703703704,0.36765086765086763,0.3333333333333333,0.5,0.2777777777777778,0.4,0.42857142857142855,0.2777777777777778,0.3636363636363636,0.4615384615384615,0.2777777777777778,0.36765086765086763,0.3703703703703704,0.3687830687830688,"[2, 5, 6, 9, 10, 11, 13, 15, 17, 18, 19, 24]","[16, 20]",RW,RW,5,42
0,MLP,0.46236559139784944,0.48617611919319703,0.4623655913978495,0.4532871156385587,0.3548387096774194,0.3225806451612903,0.7096774193548387,0.6470588235294118,0.3225806451612903,0.4888888888888889,0.4583333333333333,0.3225806451612903,0.5789473684210527,0.4532871156385587,0.4623655913978495,0.48617611919319703,"[2, 5, 6, 9, 10, 11, 16, 17, 18, 19, 20, 24]","[13, 15]",RW,RW,5,42
0,MLP,0.4267515923566879,0.4224386724386724,0.4262215771649734,0.42229992298356844,0.3076923076923077,0.46153846153846156,0.5094339622641509,0.38095238095238093,0.43636363636363634,0.45,0.3404255319148936,0.4485981308411215,0.47787610619469023,0.42229992298356844,0.4262215771649734,0.4224386724386724,"[5, 6, 10, 11, 13, 15, 16, 17, 18, 19, 20, 24]","[2, 9]",RW,RW,5,42
0,MLP,0.3852813852813853,0.3845627516513592,0.3852813852813853,0.38484818606587456,0.33766233766233766,0.38961038961038963,0.42857142857142855,0.35135135135135137,0.38461538461538464,0.4177215189873418,0.3443708609271523,0.3870967741935484,0.423076923076923,0.38484818606587456,0.3852813852813853,0.3845627516513592,"[2, 5, 6, 9, 10, 11, 13, 15, 16, 18, 19, 20]","[24, 17]",RW,RW,5,42
0,MLP,0.372972972972973,0.3667698174543636,0.3721135201833245,0.364644858397698,0.21311475409836064,0.46774193548387094,0.43548387096774194,0.3023255813953488,0.3625,0.43548387096774194,0.24999999999999994,0.40845070422535207,0.43548387096774194,0.364644858397698,0.3721135201833245,0.3667698174543636,"[2, 5, 6, 9, 10, 11, 15, 16, 17, 19, 20, 24]","[18, 13]",RW,RW,5,42
0,MLP,0.40816326530612246,0.40509259259259256,0.40686274509803927,0.4057411674347158,0.4375,0.3125,0.47058823529411764,0.4375,0.3333333333333333,0.4444444444444444,0.4375,0.3225806451612903,0.45714285714285713,0.4057411674347158,0.40686274509803927,0.40509259259259256,"[3, 6, 9, 14, 16, 18, 19]",[24],FP,FP,2,42
0,MLP,0.5609756097560976,0.5318181818181817,0.5586080586080585,0.5326797385620915,0.46153846153846156,0.9285714285714286,0.2857142857142857,0.5454545454545454,0.65,0.4,0.4999999999999999,0.7647058823529412,0.3333333333333333,0.5326797385620915,0.5586080586080585,0.5318181818181817,"[3, 6, 9, 14, 18, 19, 24]",[16],FP,FP,2,42
0,MLP,0.6595744680851063,0.6537878787878787,0.6597222222222222,0.6471525288729589,0.6666666666666666,0.4375,0.875,0.625,0.6363636363636364,0.7,0.6451612903225806,0.5185185185185185,0.7777777777777777,0.6471525288729589,0.6597222222222222,0.6537878787878787,"[3, 6, 9, 16, 18, 19, 24]",[14],FP,FP,2,42
0,MLP,0.5925925925925926,0.6009259259259259,0.5925925925925927,0.5956885678247907,0.5555555555555556,0.7777777777777778,0.4444444444444444,0.625,0.7777777777777778,0.4,0.5882352941176471,0.7777777777777778,0.4210526315789474,0.5956885678247907,0.5925925925925927,0.6009259259259259,"[3, 6, 9, 14, 16, 19, 24]",[18],FP,FP,2,42
0,MLP,0.3888888888888889,0.37210338680926913,0.3888888888888889,0.37251374312843577,0.4166666666666667,0.16666666666666666,0.5833333333333334,0.45454545454545453,0.25,0.4117647058823529,0.43478260869565216,0.2,0.4827586206896552,0.37251374312843577,0.3888888888888889,0.37210338680926913,"[3, 6, 9, 14, 16, 18, 24]",[19],FP,FP,2,42
0,MLP,0.6818181818181818,0.701058201058201,0.6845238095238096,0.6845238095238096,0.7142857142857143,0.7142857142857143,0.625,0.5555555555555556,0.7142857142857143,0.8333333333333334,0.6250000000000001,0.7142857142857143,0.7142857142857143,0.6845238095238096,0.6845238095238096,0.701058201058201,"[2, 3, 5, 10, 11, 13, 16, 17, 18, 23]","[21, 15]",LP,LP,4,42
0,MLP,0.36363636363636365,0.3205128205128205,0.375,0.3118881118881119,0.14285714285714285,0.8571428571428571,0.125,0.16666666666666666,0.46153846153846156,0.3333333333333333,0.15384615384615383,0.6,0.18181818181818182,0.3118881118881119,0.375,0.3205128205128205,"[2, 3, 5, 10, 13, 16, 17, 18, 21, 23]","[11, 15]",LP,LP,4,42
0,MLP,0.4,0.4444444444444444,0.4444444444444444,0.3333333333333333,1.0,0.3333333333333333,0.0,0.3333333333333333,1.0,0.0,0.5,0.5,0.0,0.3333333333333333,0.4444444444444444,0.4444444444444444,"[2, 3, 5, 10, 11, 13, 15, 16, 17, 21]","[18, 23]",LP,LP,4,42
0,MLP,0.3333333333333333,0.33240740740740743,0.3333333333333333,0.33207201009058596,0.3333333333333333,0.4444444444444444,0.2222222222222222,0.375,0.4,0.2222222222222222,0.35294117647058826,0.4210526315789474,0.2222222222222222,0.33207201009058596,0.3333333333333333,0.33240740740740743,"[2, 5, 10, 11, 13, 15, 17, 18, 21, 23]","[16, 3]",LP,LP,4,42
0,MLP,0.46511627906976744,0.46349206349206346,0.46349206349206346,0.4444444444444445,0.21428571428571427,0.6428571428571429,0.5333333333333333,0.42857142857142855,0.42857142857142855,0.5333333333333333,0.2857142857142857,0.5142857142857143,0.5333333333333333,0.4444444444444445,0.46349206349206346,0.46349206349206346,"[3, 5, 10, 13, 15, 16, 17, 18, 21, 23]","[2, 11]",LP,LP,4,42
0,MLP,0.41312741312741313,0.42787076864695156,0.4129020760937361,0.4116330276509917,0.29069767441860467,0.47674418604651164,0.47126436781609193,0.43859649122807015,0.5061728395061729,0.33884297520661155,0.34965034965034963,0.4910179640718563,0.3942307692307692,0.4116330276509917,0.4129020760937361,0.42787076864695156,"[3, 7, 8, 9, 10, 12, 14, 17, 20, 21, 24]","[23, 15]",RP,RP,6,42
0,MLP,0.3076923076923077,0.33221099887766553,0.3076923076923077,0.3147948949036254,0.23076923076923078,0.38461538461538464,0.3076923076923077,0.18181818181818182,0.37037037037037035,0.4444444444444444,0.2033898305084746,0.3773584905660377,0.3636363636363637,0.3147948949036254,0.3076923076923077,0.33221099887766553,"[3, 7, 8, 9, 10, 12, 14, 15, 17, 21, 24]","[20, 23]",RP,RP,6,42
0,MLP,0.3076923076923077,0.33221099887766553,0.3076923076923077,0.3147948949036254,0.23076923076923078,0.38461538461538464,0.3076923076923077,0.18181818181818182,0.37037037037037035,0.4444444444444444,0.2033898305084746,0.3773584905660377,0.3636363636363637,0.3147948949036254,0.3076923076923077,0.33221099887766553,"[3, 7, 8, 9, 10, 12, 14, 15, 20, 23, 24]","[21, 17]",RP,RP,6,42
0,MLP,0.30677290836653387,0.2983958907254362,0.30665519219736087,0.29541950113378684,0.27710843373493976,0.4880952380952381,0.15476190476190477,0.359375,0.33884297520661155,0.19696969696969696,0.3129251700680272,0.39999999999999997,0.17333333333333334,0.29541950113378684,0.30665519219736087,0.2983958907254362,"[3, 7, 8, 9, 10, 14, 15, 20, 21, 23, 24]","[17, 12]",RP,RP,6,42
0,MLP,0.44017094017094016,0.43862266791584253,0.44017094017094016,0.4329993036844176,0.28846153846153844,0.5128205128205128,0.5192307692307693,0.42857142857142855,0.43478260869565216,0.45251396648044695,0.3448275862068965,0.47058823529411764,0.4835820895522388,0.4329993036844176,0.44017094017094016,0.43862266791584253,"[3, 7, 8, 9, 12, 14, 15, 17, 20, 21, 23]","[10, 24]",RP,RP,6,42
0,RandomForest,0.49122807017543857,0.5045977011494253,0.49122807017543857,0.47056030389363723,0.631578947368421,0.21052631578947367,0.631578947368421,0.41379310344827586,0.5,0.6,0.5,0.2962962962962963,0.6153846153846154,0.47056030389363723,0.49122807017543857,0.5045977011494253,"[3, 7, 8, 9, 10, 12, 14, 15, 17, 23, 24]","[20, 21]",RP,RP,6,42
0,RandomForest,0.3247863247863248,0.2992596921878044,0.3247863247863248,0.2811891954800534,0.6858974358974359,0.17307692307692307,0.11538461538461539,0.3689655172413793,0.2288135593220339,0.3,0.47982062780269064,0.1970802919708029,0.16666666666666669,0.2811891954800534,0.3247863247863248,0.2992596921878044,"[3, 7, 9, 10, 12, 14, 15, 17, 20, 21, 23]","[8, 24]",RP,RP,6,42
0,RandomForest,0.19047619047619047,0.22916666666666666,0.19047619047619047,0.16103059581320447,0.42857142857142855,0.14285714285714285,0.0,0.1875,0.5,0.0,0.26086956521739124,0.22222222222222224,0.0,0.16103059581320447,0.19047619047619047,0.22916666666666666,"[3, 7, 8, 9, 10, 12, 17, 20, 21, 23, 24]","[15, 14]",RP,RP,6,42
0,RandomForest,0.3469387755102041,0.28684384831925813,0.3450126262626263,0.2678816295837573,0.15625,0.030303030303030304,0.8484848484848485,0.15151515151515152,0.25,0.45901639344262296,0.15384615384615385,0.054054054054054064,0.5957446808510639,0.2678816295837573,0.3450126262626263,0.28684384831925813,"[3, 7, 8, 9, 10, 12, 14, 17, 20, 21, 24]","[15, 23]",RP,RP,6,42
0,RandomForest,0.3141025641025641,0.30896134156504584,0.3141025641025641,0.30984225825902345,0.4358974358974359,0.1987179487179487,0.3076923076923077,0.3617021276595745,0.2198581560283688,0.34532374100719426,0.39534883720930236,0.20875420875420875,0.3254237288135593,0.30984225825902345,0.3141025641025641,0.30896134156504584,"[3, 7, 8, 9, 12, 14, 15, 17, 20, 21, 23]","[10, 24]",RP,RP,6,42
0,RandomForest,0.367816091954023,0.28616967233934465,0.367816091954023,0.30525911553999163,0.632183908045977,0.45977011494252873,0.011494252873563218,0.4435483870967742,0.31496062992125984,0.1,0.5213270142180094,0.37383177570093457,0.020618556701030927,0.30525911553999163,0.367816091954023,0.28616967233934465,"[2, 5, 6, 10, 11, 13, 15, 16, 18, 19, 20, 24]","[17, 9]",RW,RW,5,42
0,RandomForest,0.3741935483870968,0.34855022831050225,0.3733031674208145,0.35057300015715853,0.23529411764705882,0.6923076923076923,0.19230769230769232,0.24,0.4931506849315068,0.3125,0.2376237623762376,0.576,0.2380952380952381,0.35057300015715853,0.3733031674208145,0.34855022831050225,"[2, 5, 6, 9, 10, 11, 13, 16, 17, 18, 20, 24]","[19, 15]",RW,RW,5,42
0,RandomForest,0.38636363636363635,0.41156806917642097,0.38663620788121067,0.3825691172733216,0.47058823529411764,0.42718446601941745,0.2621359223300971,0.3310344827586207,0.4036697247706422,0.5,0.38866396761133604,0.4150943396226415,0.34394904458598724,0.3825691172733216,0.38663620788121067,0.41156806917642097,"[2, 5, 6, 9, 10, 15, 16, 17, 18, 19, 20, 24]","[11, 13]",RW,RW,5,42
0,RandomForest,0.33490566037735847,0.3403562072078022,0.33467471495640505,0.3290008841732979,0.2857142857142857,0.4647887323943662,0.2535211267605634,0.3333333333333333,0.32038834951456313,0.3673469387755102,0.30769230769230765,0.37931034482758624,0.3,0.3290008841732979,0.33467471495640505,0.3403562072078022,"[2, 5, 9, 10, 11, 13, 15, 16, 17, 18, 19, 20]","[24, 6]",RW,RW,5,42
0,RandomForest,0.449438202247191,0.44501424501424497,0.44789272030651334,0.4296464646464646,0.3103448275862069,0.3,0.7333333333333333,0.34615384615384615,0.5,0.4888888888888889,0.32727272727272727,0.37499999999999994,0.5866666666666667,0.4296464646464646,0.44789272030651334,0.44501424501424497,"[2, 5, 6, 9, 10, 11, 13, 15, 16, 17, 19, 24]","[18, 20]",RW,RW,5,42
0,RandomForest,0.5151515151515151,0.3444444444444444,0.5151515151515151,0.412024756852343,0.7272727272727273,0.0,0.8181818181818182,0.5333333333333333,0.0,0.5,0.6153846153846153,0.0,0.6206896551724137,0.412024756852343,0.5151515151515151,0.3444444444444444,"[3, 6, 9, 14, 16, 19, 24]",[18],FP,FP,2,42
0,RandomForest,0.3469387755102041,0.31741376902667223,0.34803921568627455,0.3040614950883221,0.6875,0.0625,0.29411764705882354,0.3548387096774194,0.14285714285714285,0.45454545454545453,0.4680851063829787,0.08695652173913043,0.35714285714285715,0.3040614950883221,0.34803921568627455,0.31741376902667223,"[3, 6, 9, 14, 18, 19, 24]",[16],FP,FP,2,42
0,RandomForest,0.20454545454545456,0.21031746031746032,0.20476190476190478,0.20649465477051684,0.21428571428571427,0.2,0.2,0.25,0.16666666666666666,0.21428571428571427,0.23076923076923075,0.1818181818181818,0.20689655172413796,0.20649465477051684,0.20476190476190478,0.21031746031746032,"[3, 6, 9, 14, 16, 18, 24]",[19],FP,FP,2,42
0,RandomForest,0.35714285714285715,0.24448419797257007,0.3654970760233918,0.26810109289617484,0.8333333333333334,0.0,0.2631578947368421,0.3488372093023256,0.0,0.38461538461538464,0.4918032786885246,0.0,0.3125,0.26810109289617484,0.3654970760233918,0.24448419797257007,"[3, 6, 9, 16, 18, 19, 24]",[14],FP,FP,2,42
0,RandomForest,0.5151515151515151,0.3444444444444444,0.5151515151515151,0.412024756852343,0.7272727272727273,0.0,0.8181818181818182,0.5333333333333333,0.0,0.5,0.6153846153846153,0.0,0.6206896551724137,0.412024756852343,0.5151515151515151,0.3444444444444444,"[3, 6, 9, 14, 16, 19, 24]",[18],FP,FP,2,42
0,RandomForest,0.288135593220339,0.29354354354354356,0.2929824561403509,0.25630850630850627,0.5789473684210527,0.1,0.2,0.2972972972972973,0.3333333333333333,0.25,0.39285714285714285,0.15384615384615383,0.22222222222222224,0.25630850630850627,0.2929824561403509,0.29354354354354356,"[3, 6, 9, 14, 16, 18, 19]",[24],FP,FP,2,42
0,RandomForest,0.29411764705882354,0.1978021978021978,0.2828282828282828,0.21442495126705652,0.18181818181818182,0.0,0.6666666666666666,0.2857142857142857,0.0,0.3076923076923077,0.2222222222222222,0.0,0.42105263157894735,0.21442495126705652,0.2828282828282828,0.1978021978021978,"[2, 7, 8, 9, 11, 13, 14, 15, 18, 19, 20, 23]","[5, 21]",FW,FW,1,42
0,RandomForest,0.39215686274509803,0.2541827541827542,0.39215686274509803,0.2927120669056153,0.8823529411764706,0.0,0.29411764705882354,0.40540540540540543,0.0,0.35714285714285715,0.5555555555555556,0.0,0.3225806451612903,0.2927120669056153,0.39215686274509803,0.2541827541827542,"[2, 5, 7, 8, 9, 11, 13, 14, 15, 20, 21, 23]","[18, 19]",FW,FW,1,42
0,RandomForest,0.3269230769230769,0.5130984643179765,0.3311546840958606,0.2673740053050398,0.7647058823529411,0.11764705882352941,0.1111111111111111,0.3170731707317073,0.2222222222222222,1.0,0.4482758620689655,0.15384615384615383,0.19999999999999998,0.2673740053050398,0.3311546840958606,0.5130984643179765,"[2, 5, 7, 8, 11, 13, 14, 15, 18, 19, 20, 21]","[9, 23]",FW,FW,1,42
0,RandomForest,0.22580645161290322,0.23015873015873015,0.22424242424242424,0.20366856419987348,0.4,0.0,0.2727272727272727,0.19047619047619047,0.0,0.5,0.25806451612903225,0.0,0.3529411764705882,0.20366856419987348,0.22424242424242424,0.23015873015873015,"[2, 5, 7, 8, 9, 14, 15, 18, 19, 20, 21, 23]","[11, 13]",FW,FW,1,42
0,RandomForest,0.375,0.38888888888888884,0.375,0.34839073969508755,0.625,0.375,0.125,0.3333333333333333,0.5,0.3333333333333333,0.43478260869565216,0.42857142857142855,0.18181818181818182,0.34839073969508755,0.375,0.38888888888888884,"[5, 7, 8, 9, 11, 13, 15, 18, 19, 20, 21, 23]","[2, 14]",FW,FW,1,42
0,RandomForest,0.4827586206896552,0.5142857142857142,0.48888888888888893,0.4803921568627451,0.6666666666666666,0.2,0.6,0.4,0.2857142857142857,0.8571428571428571,0.5,0.23529411764705882,0.7058823529411764,0.4803921568627451,0.48888888888888893,0.5142857142857142,"[3, 5, 6, 7, 8, 10, 20, 24, 25]","[12, 23]",LW,LW,3,42
0,RandomForest,0.25925925925925924,0.25256410256410255,0.25925925925925924,0.24266961109066373,0.2222222222222222,0.1111111111111111,0.4444444444444444,0.2,0.25,0.3076923076923077,0.2105263157894737,0.15384615384615383,0.3636363636363637,0.24266961109066373,0.25925925925925924,0.25256410256410255,"[3, 5, 6, 7, 8, 10, 12, 23, 24]","[25, 20]",LW,LW,3,42
0,RandomForest,0.3333333333333333,0.2401656314699793,0.3333333333333333,0.2762508809020437,0.5,0.5,0.0,0.2857142857142857,0.43478260869565216,0.0,0.36363636363636365,0.46511627906976744,0.0,0.2762508809020437,0.3333333333333333,0.2401656314699793,"[3, 5, 6, 8, 12, 20, 23, 24, 25]","[7, 10]",LW,LW,3,42
0,RandomForest,0.5,0.5952380952380952,0.5,0.5152625152625152,0.3333333333333333,0.5,0.6666666666666666,0.2857142857142857,1.0,0.5,0.30769230769230765,0.6666666666666666,0.5714285714285715,0.5152625152625152,0.5,0.5952380952380952,"[2, 3, 5, 10, 11, 13, 15, 17, 21, 23]","[16, 18]",LP,LP,4,42
0,RandomForest,0.3055555555555556,0.20771046420141623,0.3055555555555555,0.24615384615384617,0.4583333333333333,0.4583333333333333,0.0,0.2682926829268293,0.3548387096774194,0.0,0.3384615384615385,0.39999999999999997,0.0,0.24615384615384617,0.3055555555555555,0.20771046420141623,"[6, 7, 8, 10, 12, 20, 23, 24, 25]","[5, 3]",LW,LW,3,42
0,RandomForest,0.3829787234042553,0.42083333333333334,0.38205645161290325,0.34806813856109625,0.5806451612903226,0.0967741935483871,0.46875,0.45,0.5,0.3125,0.5070422535211268,0.16216216216216214,0.375,0.34806813856109625,0.38205645161290325,0.42083333333333334,"[2, 3, 5, 10, 11, 13, 16, 18, 21, 23]","[15, 17]",LP,LP,4,42
0,RandomForest,0.25925925925925924,0.20000000000000004,0.25925925925925924,0.2236842105263158,0.3333333333333333,0.4444444444444444,0.0,0.2,0.4,0.0,0.25,0.4210526315789474,0.0,0.2236842105263158,0.25925925925925924,0.20000000000000004,"[3, 5, 7, 8, 10, 12, 20, 23, 25]","[24, 6]",LW,LW,3,42
0,RandomForest,0.32558139534883723,0.2264957264957265,0.3253968253968254,0.2611111111111111,0.6428571428571429,0.0,0.3333333333333333,0.34615384615384615,0.0,0.3333333333333333,0.45,0.0,0.3333333333333333,0.2611111111111111,0.3253968253968254,0.2264957264957265,"[2, 3, 10, 13, 15, 16, 17, 18, 21, 23]","[5, 11]",LP,LP,4,42
0,RandomForest,0.36507936507936506,0.3978835978835979,0.3650793650793651,0.35217023120248925,0.6190476190476191,0.2857142857142857,0.19047619047619047,0.37142857142857144,0.6,0.2222222222222222,0.4642857142857143,0.3870967741935483,0.20512820512820512,0.35217023120248925,0.3650793650793651,0.3978835978835979,"[2, 3, 5, 11, 13, 15, 16, 17, 18, 23]","[21, 10]",LP,LP,4,42
0,RandomForest,0.2727272727272727,0.25,0.26785714285714285,0.2583333333333333,0.42857142857142855,0.0,0.375,0.375,0.0,0.375,0.39999999999999997,0.0,0.375,0.2583333333333333,0.26785714285714285,0.25,"[2, 3, 10, 11, 13, 15, 16, 17, 21, 23]","[18, 5]",LP,LP,4,42
0,MLP,0.39490445859872614,0.3873207364341085,0.3939283986453798,0.3881523819604314,0.28846153846153844,0.34615384615384615,0.5471698113207547,0.3488372093023256,0.36,0.453125,0.3157894736842105,0.35294117647058826,0.49572649572649563,0.3881523819604314,0.3939283986453798,0.3873207364341085,"[2, 3, 5, 6, 7, 8, 9, 10, 12, 13, 14, 15, 16, 17, 18, 19, 20, 21, 22, 24]","[23, 11]","FW, LW, RW","FW, LW, RW",7,42
0,MLP,0.4731182795698925,0.45896464646464646,0.4731182795698925,0.44804078014184395,0.22580645161290322,0.7741935483870968,0.41935483870967744,0.4375,0.5454545454545454,0.3939393939393939,0.2978723404255319,0.64,0.40625,0.44804078014184395,0.4731182795698925,0.45896464646464646,"[2, 3, 6, 7, 8, 9, 10, 11, 12, 13, 14, 16, 17, 18, 19, 20, 21, 22, 23, 24]","[5, 15]","FW, LW, RW","FW, LW, RW",7,42
0,MLP,0.3263888888888889,0.35188790013595356,0.3263888888888889,0.32346420176608853,0.22916666666666666,0.4375,0.3125,0.4583333333333333,0.3387096774193548,0.25862068965517243,0.3055555555555555,0.3818181818181818,0.28301886792452835,0.32346420176608853,0.3263888888888889,0.35188790013595356,"[2, 3, 5, 6, 7, 8, 9, 11, 12, 13, 14, 15, 16, 17, 18, 19, 20, 21, 22, 23]","[10, 24]","FW, LW, RW","FW, LW, RW",7,42
0,MLP,0.30357142857142855,0.29120216635041113,0.30512091038406824,0.27419843433618724,0.16216216216216217,0.6216216216216216,0.13157894736842105,0.35294117647058826,0.359375,0.16129032258064516,0.22222222222222227,0.4554455445544554,0.14492753623188406,0.27419843433618724,0.30512091038406824,0.29120216635041113,"[2, 3, 5, 6, 7, 8, 9, 10, 11, 12, 13, 14, 15, 17, 18, 20, 21, 22, 23, 24]","[19, 16]","FW, LW, RW","FW, LW, RW",7,42
0,MLP,0.5185185185185185,0.5277777777777778,0.5185185185185185,0.5042874396135266,0.3888888888888889,0.3888888888888889,0.7777777777777778,0.5833333333333334,0.5,0.5,0.4666666666666666,0.43750000000000006,0.6086956521739131,0.5042874396135266,0.5185185185185185,0.5277777777777778,"[2, 5, 6, 7, 8, 9, 10, 11, 12, 13, 14, 15, 16, 17, 18, 19, 21, 22, 23, 24]","[3, 20]","FW, LW, RW","FW, LW, RW",7,42
0,MLP,0.2564102564102564,0.1938375350140056,0.25641025641025644,0.2207650273224044,0.3076923076923077,0.46153846153846156,0.0,0.22857142857142856,0.35294117647058826,0.0,0.26229508196721313,0.4000000000000001,0.0,0.2207650273224044,0.25641025641025644,0.1938375350140056,"[2, 3, 5, 6, 7, 8, 10, 11, 12, 13, 14, 15, 16, 18, 19, 20, 21, 22, 23, 24]","[9, 17]","FP, LP, RP","FP, LP, RP",8,42
0,MLP,0.34,0.29760186903044045,0.339572192513369,0.3099685693959661,0.06060606060606061,0.5757575757575758,0.38235294117647056,0.1111111111111111,0.3877551020408163,0.3939393939393939,0.0784313725490196,0.4634146341463415,0.38805970149253727,0.3099685693959661,0.339572192513369,0.29760186903044045,"[2, 3, 5, 6, 7, 8, 9, 10, 12, 13, 14, 15, 16, 17, 18, 19, 21, 22, 23, 24]","[11, 20]","FP, LP, RP","FP, LP, RP",8,42
0,RandomForest,0.22448979591836735,0.2609365791740333,0.22474747474747478,0.23450142833639942,0.25,0.18181818181818182,0.24242424242424243,0.42105263157894735,0.13953488372093023,0.2222222222222222,0.3137254901960784,0.15789473684210528,0.2318840579710145,0.23450142833639942,0.22474747474747478,0.2609365791740333,"[2, 5, 6, 7, 8, 9, 10, 11, 12, 13, 14, 15, 16, 17, 18, 19, 20, 21, 22, 24]","[3, 23]","FP, LP, RP","FP, LP, RP",8,42
0,RandomForest,0.42857142857142855,0.5708333333333333,0.43023989898989895,0.40776662950575987,0.59375,0.15151515151515152,0.5454545454545454,0.31666666666666665,0.8333333333333334,0.5625,0.41304347826086957,0.25641025641025644,0.5538461538461538,0.40776662950575987,0.43023989898989895,0.5708333333333333,"[2, 5, 6, 7, 8, 9, 10, 11, 12, 13, 14, 15, 16, 17, 18, 19, 20, 21, 22, 24]","[3, 23]","FP, LP, RP","FP, LP, RP",8,42
0,RandomForest,0.3541666666666667,0.4492753623188406,0.3541666666666667,0.211258697027198,1.0,0.0,0.0625,0.34782608695652173,0.0,1.0,0.5161290322580645,0.0,0.11764705882352941,0.211258697027198,0.3541666666666667,0.4492753623188406,"[2, 3, 5, 6, 7, 9, 10, 11, 12, 13, 15, 16, 17, 18, 19, 20, 21, 22, 23, 24]","[14, 8]","FP, LP, RP","FP, LP, RP",8,42
0,RandomForest,0.19047619047619047,0.29365079365079366,0.19047619047619047,0.1736694677871148,0.42857142857142855,0.14285714285714285,0.0,0.21428571428571427,0.6666666666666666,0.0,0.2857142857142857,0.23529411764705882,0.0,0.1736694677871148,0.19047619047619047,0.29365079365079366,"[3, 5, 6, 7, 8, 9, 10, 11, 12, 13, 15, 16, 17, 18, 19, 20, 21, 22, 23, 24]","[2, 14]","FP, LP, RP","FP, LP, RP",8,42
0,RandomForest,0.23728813559322035,0.08641975308641975,0.24561403508771928,0.12785388127853883,0.7368421052631579,0.0,0.0,0.25925925925925924,0.0,0.0,0.3835616438356165,0.0,0.0,0.12785388127853883,0.24561403508771928,0.08641975308641975,"[2, 3, 5, 6, 9, 10, 11, 12, 13, 14, 15, 16, 17, 18, 19, 20, 21, 22, 23, 24]","[8, 7]","FP, LP, RP","FP, LP, RP",8,42