,Classifier,Accuracy,Precision,Recall,F1,Class0 Recall,Class1 Recall,Class0 Precision,Class1 Precision,Class0 F1,Class1 F1,Macro F1,Macro Recall,Macro Precision,TrainParticipants,TestParticipants,TrainConditions,TestConditions,Experiment,RandomState
0,MLP,0.6771488469601677,0.6849015317286652,0.6561844863731656,0.6702355460385439,0.6981132075471698,0.6561844863731656,0.670020120724346,0.6849015317286652,0.6837782340862423,0.6702355460385439,0.6770068900623931,0.6771488469601676,0.6774608262265056,"[2, 5, 7, 8, 9, 11, 13, 14, 15, 18, 20, 23]","[2, 5, 7, 8, 9, 11, 13, 14, 15, 18, 20, 23]",FW,FW,1,42
0,MLP,0.6659685863874345,0.658,0.689727463312369,0.6734902763561925,0.6422594142259415,0.689727463312369,0.6747252747252748,0.658,0.6580921757770632,0.6734902763561925,0.6657912260666279,0.6659934387691553,0.6663626373626375,"[2, 5, 7, 8, 9, 11, 13, 14, 15, 18, 21, 23]","[2, 5, 7, 8, 9, 11, 13, 14, 15, 18, 21, 23]",FW,FW,1,42
0,MLP,0.6532091097308489,0.6396226415094339,0.7018633540372671,0.6692991115498519,0.6045548654244306,0.7018633540372671,0.6697247706422018,0.6396226415094339,0.6354733405875952,0.6692991115498519,0.6523862260687235,0.6532091097308488,0.6546737060758179,"[2, 5, 7, 8, 9, 11, 14, 15, 19, 20, 21, 23]","[2, 5, 7, 8, 9, 11, 14, 15, 19, 20, 21, 23]",FW,FW,1,42
0,MLP,0.6684266103484688,0.6612576064908722,0.6892177589852009,0.6749482401656315,0.6476793248945147,0.6892177589852009,0.6762114537444934,0.6612576064908722,0.6616379310344828,0.6749482401656315,0.6682930856000571,0.6684485419398578,0.6687345301176828,"[2, 5, 7, 8, 9, 11, 13, 15, 18, 19, 20, 21]","[2, 5, 7, 8, 9, 11, 13, 15, 18, 19, 20, 21]",FW,FW,1,42
0,MLP,0.6659685863874345,0.658,0.689727463312369,0.6734902763561925,0.6422594142259415,0.689727463312369,0.6747252747252748,0.658,0.6580921757770632,0.6734902763561925,0.6657912260666279,0.6659934387691553,0.6663626373626375,"[2, 5, 7, 8, 9, 11, 13, 14, 15, 18, 21, 23]","[2, 5, 7, 8, 9, 11, 13, 14, 15, 18, 21, 23]",FW,FW,1,42
0,MLP,0.6348547717842323,0.6141176470588235,0.7229916897506925,0.6641221374045801,0.5469613259668509,0.7229916897506925,0.6644295302013423,0.6141176470588235,0.6000000000000001,0.6641221374045801,0.6320610687022901,0.6349765078587717,0.6392735886300829,"[3, 5, 7, 8, 10, 12, 20, 23, 25]","[3, 5, 7, 8, 10, 12, 20, 23, 25]",LW,LW,3,42
0,MLP,0.6450304259634888,0.6226415094339622,0.7363083164300203,0.6747211895910781,0.5537525354969574,0.7363083164300203,0.6774193548387096,0.6226415094339622,0.6093749999999999,0.6747211895910781,0.6420480947955389,0.6450304259634888,0.6500304321363359,"[3, 5, 6, 7, 8, 10, 20, 23, 25]","[3, 5, 6, 7, 8, 10, 20, 23, 25]",LW,LW,3,42
0,MLP,0.6109481915933529,0.5969125214408233,0.6810176125244618,0.636197440585009,0.541015625,0.6810176125244618,0.6295454545454545,0.5969125214408233,0.5819327731092437,0.636197440585009,0.6090651068471264,0.6110166187622309,0.613228987993139,"[3, 5, 6, 7, 10, 20, 23, 24, 25]","[3, 5, 6, 7, 10, 20, 23, 24, 25]",LW,LW,3,42
0,MLP,0.583941605839416,0.5651465798045603,0.7244258872651357,0.6349496797804208,0.44375,0.7244258872651357,0.6173913043478261,0.5651465798045603,0.5163636363636364,0.6349496797804208,0.5756566580720286,0.5840879436325679,0.5912689420761932,"[3, 6, 7, 8, 10, 20, 23, 24, 25]","[3, 6, 7, 8, 10, 20, 23, 24, 25]",LW,LW,3,42
0,MLP,0.6172707889125799,0.5992779783393501,0.7078891257995735,0.6490713587487781,0.5266524520255863,0.7078891257995735,0.6432291666666666,0.5992779783393501,0.5791324736225087,0.6490713587487781,0.6141019161856434,0.6172707889125799,0.6212535725030084,"[3, 5, 6, 8, 12, 20, 23, 24, 25]","[3, 5, 6, 8, 12, 20, 23, 24, 25]",LW,LW,3,42
0,MLP,0.6109481915933529,0.5969125214408233,0.6810176125244618,0.636197440585009,0.541015625,0.6810176125244618,0.6295454545454545,0.5969125214408233,0.5819327731092437,0.636197440585009,0.6090651068471264,0.6110166187622309,0.613228987993139,"[5, 6, 7, 10, 12, 20, 23, 24, 25]","[5, 6, 7, 10, 12, 20, 23, 24, 25]",LW,LW,3,42
0,MLP,0.7317487266553481,0.7556179775280899,0.6850594227504244,0.7186108637577916,0.7784380305602716,0.6850594227504244,0.7119565217391305,0.7556179775280899,0.7437145174371452,0.7186108637577916,0.7311626905974684,0.731748726655348,0.7337872496336102,"[2, 5, 6, 9, 10, 11, 13, 15, 17, 18, 19, 24]","[2, 5, 6, 9, 10, 11, 13, 15, 17, 18, 19, 24]",RW,RW,5,42
0,MLP,0.7392586352148273,0.7553956834532374,0.7076663858466723,0.7307525010874293,0.7708508845829823,0.7076663858466723,0.7250396196513471,0.7553956834532374,0.7472437729685586,0.7307525010874293,0.7389981370279939,0.7392586352148274,0.7402176515522922,"[2, 5, 6, 9, 10, 11, 16, 17, 18, 19, 20, 24]","[2, 5, 6, 9, 10, 11, 16, 17, 18, 19, 20, 24]",RW,RW,5,42
0,MLP,0.6828621908127208,0.690959409594096,0.661660777385159,0.6759927797833936,0.7040636042402827,0.661660777385159,0.6754237288135593,0.690959409594096,0.6894463667820069,0.6759927797833936,0.6827195732827003,0.6828621908127208,0.6831915692038276,"[5, 6, 10, 11, 13, 15, 16, 17, 18, 19, 20, 24]","[5, 6, 10, 11, 13, 15, 16, 17, 18, 19, 20, 24]",RW,RW,5,42
0,MLP,0.7298001737619462,0.7415525114155251,0.7054735013032146,0.7230632235084595,0.7541268462206777,0.7054735013032146,0.7191383595691798,0.7415525114155251,0.7362171331636981,0.7230632235084595,0.7296401783360789,0.7298001737619462,0.7303454354923524,"[2, 5, 6, 9, 10, 11, 13, 15, 16, 18, 19, 20]","[2, 5, 6, 9, 10, 11, 13, 15, 16, 18, 19, 20]",RW,RW,5,42
0,MLP,0.7282184655396619,0.7390909090909091,0.7051170858629662,0.7217043941411452,0.7512998266897747,0.7051170858629662,0.7183098591549296,0.7390909090909091,0.7344345616264295,0.7217043941411452,0.7280694778837873,0.7282084562763704,0.7287003841229194,"[2, 5, 6, 9, 10, 11, 15, 16, 17, 19, 20, 24]","[2, 5, 6, 9, 10, 11, 15, 16, 17, 19, 20, 24]",RW,RW,5,42
0,MLP,0.7697160883280757,0.7093596059113301,0.9113924050632911,0.7977839335180055,0.6289308176100629,0.9113924050632911,0.8771929824561403,0.7093596059113301,0.7326007326007327,0.7977839335180055,0.7651923330593691,0.7701616113366769,0.7932762941837352,"[3, 6, 9, 14, 16, 18, 19]","[3, 6, 9, 14, 16, 18, 19]",FP,FP,2,42
0,MLP,0.6012658227848101,0.7962962962962963,0.2721518987341772,0.40566037735849053,0.930379746835443,0.2721518987341772,0.5610687022900763,0.7962962962962963,0.7,0.40566037735849053,0.5528301886792453,0.6012658227848101,0.6786824992931864,"[3, 6, 9, 14, 18, 19, 24]","[3, 6, 9, 14, 18, 19, 24]",FP,FP,2,42
0,MLP,0.634493670886076,0.6332288401253918,0.6392405063291139,0.6362204724409449,0.629746835443038,0.6392405063291139,0.6357827476038339,0.6332288401253918,0.6327503974562797,0.6362204724409449,0.6344854349486123,0.634493670886076,0.6345057938646128,"[3, 6, 9, 14, 18, 19, 24]","[3, 6, 9, 14, 18, 19, 24]",FP,FP,2,42
0,MLP,0.6253822629969419,0.6198830409356725,0.6483180428134556,0.6337817638266069,0.6024464831804281,0.6483180428134556,0.6314102564102564,0.6198830409356725,0.6165884194053208,0.6337817638266069,0.6251850916159638,0.6253822629969419,0.6256466486729644,"[3, 6, 9, 14, 16, 19, 24]","[3, 6, 9, 14, 16, 19, 24]",FP,FP,2,42
0,MLP,0.7320872274143302,0.7146974063400576,0.7725856697819314,0.7425149700598802,0.6915887850467289,0.7725856697819314,0.752542372881356,0.7146974063400576,0.7207792207792207,0.7425149700598802,0.7316470954195504,0.7320872274143302,0.7336198896107068,"[3, 6, 9, 14, 16, 18, 24]","[3, 6, 9, 14, 16, 18, 24]",FP,FP,2,42
0,MLP,0.6256077795786061,0.6396396396396397,0.5753646677471637,0.60580204778157,0.6758508914100486,0.5753646677471637,0.614138438880707,0.6396396396396397,0.6435185185185186,0.60580204778157,0.6246602831500443,0.6256077795786061,0.6268890392601734,"[2, 3, 5, 10, 11, 13, 16, 17, 18, 23]","[2, 3, 5, 10, 11, 13, 16, 17, 18, 23]",LP,LP,4,42
0,MLP,0.6256077795786061,0.6396396396396397,0.5753646677471637,0.60580204778157,0.6758508914100486,0.5753646677471637,0.614138438880707,0.6396396396396397,0.6435185185185186,0.60580204778157,0.6246602831500443,0.6256077795786061,0.6268890392601734,"[2, 3, 5, 10, 13, 16, 17, 18, 21, 23]","[2, 3, 5, 10, 13, 16, 17, 18, 21, 23]",LP,LP,4,42
0,MLP,0.6330708661417322,0.6302003081664098,0.6440944881889764,0.6370716510903427,0.6220472440944882,0.6440944881889764,0.6360708534621579,0.6302003081664098,0.6289808917197452,0.6370716510903427,0.633026271405044,0.6330708661417324,0.6331355808142838,"[2, 3, 5, 10, 11, 13, 15, 16, 17, 21]","[2, 3, 5, 10, 11, 13, 15, 16, 17, 21]",LP,LP,4,42
0,MLP,0.6012810248198559,0.6254980079681275,0.5032051282051282,0.5577264653641207,0.6992,0.5032051282051282,0.5850066934404283,0.6254980079681275,0.6370262390670554,0.5577264653641207,0.597376352215588,0.6012025641025641,0.605252350704278,"[2, 5, 10, 11, 13, 15, 17, 18, 21, 23]","[2, 5, 10, 11, 13, 15, 17, 18, 21, 23]",LP,LP,4,42
0,MLP,0.6003172085646312,0.6026058631921825,0.5873015873015873,0.594855305466238,0.6133122028526149,0.5873015873015873,0.598145285935085,0.6026058631921825,0.6056338028169014,0.594855305466238,0.6002445541415697,0.6003068950771011,0.6003755745636337,"[3, 5, 10, 13, 15, 16, 17, 18, 21, 23]","[3, 5, 10, 13, 15, 16, 17, 18, 21, 23]",LP,LP,4,42
0,MLP,0.6869527145359019,0.6748566748566749,0.7215411558669002,0.6974185357596275,0.6523642732049036,0.7215411558669002,0.7008466603951082,0.6748566748566749,0.6757369614512472,0.6974185357596275,0.6865777486054374,0.6869527145359019,0.6878516676258916,"[3, 7, 8, 9, 10, 12, 14, 17, 20, 21, 24]","[3, 7, 8, 9, 10, 12, 14, 17, 20, 21, 24]",RP,RP,6,42
0,MLP,0.6696501220504475,0.6795865633074936,0.6419853539462979,0.6602510460251046,0.6973148901545972,0.6419853539462979,0.6607555898226677,0.6795865633074936,0.6785431512272367,0.6602510460251046,0.6693970986261707,0.6696501220504476,0.6701710765650806,"[3, 7, 8, 9, 10, 12, 14, 15, 17, 21, 24]","[3, 7, 8, 9, 10, 12, 14, 15, 17, 21, 24]",RP,RP,6,42
0,MLP,0.6696501220504475,0.6795865633074936,0.6419853539462979,0.6602510460251046,0.6973148901545972,0.6419853539462979,0.6607555898226677,0.6795865633074936,0.6785431512272367,0.6602510460251046,0.6693970986261707,0.6696501220504476,0.6701710765650806,"[3, 7, 8, 9, 10, 12, 14, 15, 20, 23, 24]","[3, 7, 8, 9, 10, 12, 14, 15, 20, 23, 24]",RP,RP,6,42
0,MLP,0.6770925110132159,0.665296052631579,0.7127753303964758,0.6882177796682263,0.641409691629956,0.7127753303964758,0.6907020872865275,0.665296052631579,0.6651439013248058,0.6882177796682263,0.6766808404965161,0.6770925110132159,0.6779990699590532,"[3, 7, 8, 9, 10, 14, 15, 20, 21, 23, 24]","[3, 7, 8, 9, 10, 14, 15, 20, 21, 23, 24]",RP,RP,6,42
0,MLP,0.6636948984645864,0.6550751879699248,0.6907829534192269,0.672455378678244,0.6366336633663366,0.6907829534192269,0.6732984293193718,0.6550751879699248,0.6544529262086515,0.672455378678244,0.6634541524434477,0.6637083083927817,0.6641868086446483,"[3, 7, 8, 9, 12, 14, 15, 17, 20, 21, 23]","[3, 7, 8, 9, 12, 14, 15, 17, 20, 21, 23]",RP,RP,6,42
0,RandomForest,0.7509113001215066,0.7280766396462786,0.8006482982171799,0.7626399073716711,0.7012145748987855,0.8006482982171799,0.7787769784172662,0.7280766396462786,0.7379633574776311,0.7626399073716711,0.7503016324246511,0.7509314365579827,0.7534268090317724,"[3, 7, 8, 9, 10, 12, 14, 15, 17, 23, 24]","[3, 7, 8, 9, 10, 12, 14, 15, 17, 23, 24]",RP,RP,6,42
0,RandomForest,0.7533432392273403,0.713094245204337,0.8473736372646185,0.7744565217391305,0.6594059405940594,0.8473736372646185,0.8121951219512196,0.713094245204337,0.7278688524590164,0.7744565217391305,0.7511626870990735,0.7533897889293389,0.7626446835777783,"[3, 7, 9, 10, 12, 14, 15, 17, 20, 21, 23]","[3, 7, 9, 10, 12, 14, 15, 17, 20, 21, 23]",RP,RP,6,42
0,RandomForest,0.7467159277504105,0.7120677487649965,0.8284072249589491,0.7658444022770399,0.6650246305418719,0.8284072249589491,0.7948969578017664,0.7120677487649965,0.7241841752346894,0.7658444022770399,0.7450142887558646,0.7467159277504105,0.7534823532833814,"[3, 7, 8, 9, 10, 12, 17, 20, 21, 23, 24]","[3, 7, 8, 9, 10, 12, 17, 20, 21, 23, 24]",RP,RP,6,42
0,RandomForest,0.6918873476250526,0.6505944517833554,0.8284272497897393,0.72881982981872,0.5554621848739496,0.8284272497897393,0.7641618497109827,0.6505944517833554,0.64330900243309,0.72881982981872,0.686064416125905,0.6919447173318445,0.707378150747169,"[3, 7, 8, 9, 10, 12, 14, 17, 20, 21, 24]","[3, 7, 8, 9, 10, 12, 14, 17, 20, 21, 24]",RP,RP,6,42
0,RandomForest,0.7087667161961367,0.6701697655618432,0.821605550049554,0.7382012466607303,0.596039603960396,0.821605550049554,0.7698209718670077,0.6701697655618432,0.6718750000000001,0.7382012466607303,0.7050381233303652,0.708822577004975,0.7199953687144254,"[3, 7, 8, 9, 12, 14, 15, 17, 20, 21, 23]","[3, 7, 8, 9, 12, 14, 15, 17, 20, 21, 23]",RP,RP,6,42
0,KNeighbors,0.9150612959719789,0.8963210702341137,0.9387040280210157,0.9170230966638152,0.8914185639229422,0.9387040280210157,0.9356617647058824,0.8963210702341137,0.9130044843049326,0.9170230966638152,0.9150137904843739,0.9150612959719789,0.915991417469998,"[3, 7, 8, 9, 12, 14, 17, 20, 21, 23, 24]","[3, 7, 8, 9, 12, 14, 17, 20, 21, 23, 24]",RP,RP,6,42
0,KNeighbors,0.9304451510333863,0.9038031319910514,0.9634340222575517,0.9326664101577531,0.8974562798092209,0.9634340222575517,0.9608510638297872,0.9038031319910514,0.9280723386765309,0.9326664101577531,0.930369374417142,0.9304451510333863,0.9323270979104193,"[7, 8, 9, 10, 14, 15, 17, 20, 21, 23, 24]","[7, 8, 9, 10, 14, 15, 17, 20, 21, 23, 24]",RP,RP,6,42
0,KNeighbors,0.9287160793843662,0.9007575757575758,0.9635332252836305,0.9310884886452624,0.8939271255060729,0.9635332252836305,0.9608355091383812,0.9007575757575758,0.9261744966442953,0.9310884886452624,0.9286314926447788,0.9287301753948517,0.9307965424479785,"[3, 8, 9, 10, 12, 14, 15, 17, 20, 23, 24]","[3, 8, 9, 10, 12, 14, 15, 17, 20, 23, 24]",RP,RP,6,42
0,KNeighbors,0.9218487394957983,0.8921875,0.9596638655462185,0.9246963562753037,0.8840336134453781,0.9596638655462185,0.9563636363636364,0.8921875,0.9187772925764192,0.9246963562753037,0.9217368244258615,0.9218487394957984,0.9242755681818182,"[3, 7, 8, 9, 14, 15, 17, 20, 21, 23, 24]","[3, 7, 8, 9, 14, 15, 17, 20, 21, 23, 24]",RP,RP,6,42
0,KNeighbors,0.9207717569786535,0.8933231005372217,0.9556650246305419,0.9234430781435938,0.8858784893267652,0.9556650246305419,0.9523389232127096,0.8933231005372217,0.917907273500638,0.9234430781435938,0.9206751758221159,0.9207717569786535,0.9228310118749656,"[3, 7, 8, 9, 10, 12, 15, 17, 21, 23, 24]","[3, 7, 8, 9, 10, 12, 15, 17, 21, 23, 24]",RP,RP,6,42
0,RandomForest,0.7937279151943463,0.7909011373578303,0.7985865724381626,0.7947252747252749,0.7888692579505301,0.7985865724381626,0.7966101694915254,0.7909011373578303,0.7927208166888594,0.7947252747252749,0.7937230457070672,0.7937279151943464,0.7937556534246779,"[2, 5, 6, 10, 11, 13, 15, 16, 18, 19, 20, 24]","[2, 5, 6, 10, 11, 13, 15, 16, 18, 19, 20, 24]",RW,RW,5,42
0,RandomForest,0.7801179443976411,0.7768526228143214,0.7860151642796968,0.7814070351758795,0.7742207245155855,0.7860151642796968,0.783461210571185,0.7768526228143214,0.7788135593220339,0.7814070351758795,0.7801102972489566,0.7801179443976411,0.7801569166927532,"[2, 5, 6, 9, 10, 11, 13, 16, 17, 18, 20, 24]","[2, 5, 6, 9, 10, 11, 13, 16, 17, 18, 20, 24]",RW,RW,5,42
0,RandomForest,0.7767663632423061,0.774526678141136,0.7805724197745013,0.7775377969762419,0.7729636048526863,0.7805724197745013,0.7790393013100436,0.774526678141136,0.7759895606785557,0.7775377969762419,0.7767636788273988,0.7767680123135938,0.7767829897255898,"[2, 5, 6, 9, 10, 15, 16, 17, 18, 19, 20, 24]","[2, 5, 6, 9, 10, 15, 16, 17, 18, 19, 20, 24]",RW,RW,5,42
0,RandomForest,0.7721518987341772,0.7726120033812341,0.7713080168776372,0.7719594594594594,0.7729957805907173,0.7713080168776372,0.7716933445661331,0.7726120033812341,0.7723440134907252,0.7719594594594594,0.7721517364750923,0.7721518987341772,0.7721526739736837,"[2, 5, 9, 10, 11, 13, 15, 16, 17, 18, 19, 20]","[2, 5, 9, 10, 11, 13, 15, 16, 17, 18, 19, 20]",RW,RW,5,42
0,RandomForest,0.7771646859083192,0.8003679852805887,0.7385398981324278,0.7682119205298013,0.8157894736842105,0.7385398981324278,0.7572892040977147,0.8003679852805887,0.7854515733551287,0.7682119205298013,0.776831746942465,0.7771646859083192,0.7788285946891518,"[2, 5, 6, 9, 10, 11, 13, 15, 16, 17, 19, 24]","[2, 5, 6, 9, 10, 11, 13, 15, 16, 17, 19, 24]",RW,RW,5,42
0,KNeighbors,0.9609882964889467,0.9617723718505647,0.9601040763226366,0.9609375,0.9618717504332756,0.9601040763226366,0.9602076124567474,0.9617723718505647,0.9610389610389609,0.9609375,0.9609882305194805,0.9609879133779561,0.960989992153656,"[2, 5, 9, 10, 13, 15, 16, 17, 18, 19, 20, 24]","[2, 5, 9, 10, 13, 15, 16, 17, 18, 19, 20, 24]",RW,RW,5,42
0,KNeighbors,0.9295892707460185,0.956366874443455,0.9002514668901928,0.9274611398963731,0.9589270746018441,0.9002514668901928,0.9057798891528107,0.956366874443455,0.9315960912052117,0.9274611398963731,0.9295286155507925,0.9295892707460185,0.9310733817981329,"[5, 6, 9, 10, 11, 15, 16, 17, 18, 19, 20, 24]","[5, 6, 9, 10, 11, 15, 16, 17, 18, 19, 20, 24]",RW,RW,5,42
0,KNeighbors,0.9351771823681936,0.96577243293247,0.902333621434745,0.932975871313673,0.9680207433016422,0.902333621434745,0.9083536090835361,0.96577243293247,0.9372384937238494,0.932975871313673,0.9351071825187611,0.9351771823681936,0.9370630210080031,"[2, 5, 6, 9, 10, 11, 13, 15, 16, 18, 20, 24]","[2, 5, 6, 9, 10, 11, 13, 15, 16, 18, 20, 24]",RW,RW,5,42
0,KNeighbors,0.9407725321888412,0.9663941871026339,0.9133047210300429,0.93909973521624,0.9682403433476395,0.9133047210300429,0.9178193653376729,0.9663941871026339,0.9423558897243107,0.93909973521624,0.9407278124702754,0.9407725321888412,0.9421067762201534,"[2, 5, 6, 9, 10, 13, 15, 16, 17, 18, 19, 20]","[2, 5, 6, 9, 10, 13, 15, 16, 17, 18, 19, 20]",RW,RW,5,42
0,KNeighbors,0.935803532959931,0.9693593314763231,0.9,0.9333929369691553,0.9715762273901809,0.9,0.9067524115755627,0.9693593314763231,0.9380457380457381,0.9333929369691553,0.9357193375074466,0.9357881136950905,0.9380558715259429,"[5, 6, 9, 10, 11, 13, 15, 17, 18, 19, 20, 24]","[5, 6, 9, 10, 11, 13, 15, 17, 18, 19, 20, 24]",RW,RW,5,42
0,SVM,0.7406290392072382,0.7372448979591837,0.7474137931034482,0.7422945205479451,0.7338501291989664,0.7474137931034482,0.7441048034934498,0.7372448979591837,0.7389418907198613,0.7422945205479451,0.7406182056339032,0.7406319611512073,0.7406748507263168,"[5, 6, 9, 10, 11, 13, 15, 17, 18, 19, 20, 24]","[5, 6, 9, 10, 11, 13, 15, 17, 18, 19, 20, 24]",RW,RW,5,42
0,SVM,0.7579399141630901,0.7566182749786508,0.7605150214592274,0.7585616438356165,0.7553648068669528,0.7605150214592274,0.7592752372735116,0.7566182749786508,0.7573149741824441,0.7585616438356165,0.7579383090090304,0.7579399141630901,0.7579467561260812,"[2, 5, 6, 9, 10, 11, 13, 15, 16, 18, 19, 20]","[2, 5, 6, 9, 10, 11, 13, 15, 16, 18, 19, 20]",RW,RW,5,42
0,SVM,0.752208480565371,0.7555953446732319,0.7455830388692579,0.750555802578924,0.758833922261484,0.7455830388692579,0.7489102005231038,0.7555953446732319,0.7538394032470381,0.750555802578924,0.7521976029129811,0.752208480565371,0.7522527725981678,"[2, 5, 6, 10, 13, 15, 16, 17, 18, 19, 20, 24]","[2, 5, 6, 10, 13, 15, 16, 17, 18, 19, 20, 24]",RW,RW,5,42
0,SVM,0.7489469250210615,0.7472803347280335,0.7523167649536647,0.7497900923593619,0.7455770850884583,0.7523167649536647,0.7506361323155216,0.7472803347280335,0.7480980557903634,0.7497900923593619,0.7489440740748626,0.7489469250210615,0.7489582335217775,"[2, 6, 9, 10, 11, 13, 16, 17, 18, 19, 20, 24]","[2, 6, 9, 10, 11, 13, 16, 17, 18, 19, 20, 24]",RW,RW,5,42
0,SVM,0.7568281938325991,0.7506448839208942,0.7691629955947137,0.7597911227154047,0.7444933920704846,0.7691629955947137,0.7633242999096658,0.7506448839208942,0.7537912578055309,0.7597911227154047,0.7567911902604678,0.7568281938325991,0.75698459191528,"[2, 5, 6, 9, 11, 13, 15, 16, 17, 18, 20, 24]","[2, 5, 6, 9, 11, 13, 15, 16, 17, 18, 20, 24]",RW,RW,5,42
0,RandomForest,0.8027522935779816,0.7551546391752577,0.8960244648318043,0.8195804195804196,0.709480122324159,0.8960244648318043,0.8721804511278195,0.7551546391752577,0.7824620573355817,0.8195804195804196,0.8010212384580007,0.8027522935779816,0.8136675451515386,"[3, 6, 9, 14, 16, 19, 24]","[3, 6, 9, 14, 16, 19, 24]",FP,FP,2,42
0,RandomForest,0.8069620253164557,0.7474489795918368,0.9272151898734177,0.827683615819209,0.6867088607594937,0.9272151898734177,0.9041666666666667,0.7474489795918368,0.7805755395683452,0.827683615819209,0.8041295776937771,0.8069620253164557,0.8258078231292517,"[3, 6, 9, 14, 18, 19, 24]","[3, 6, 9, 14, 18, 19, 24]",FP,FP,2,42
0,RandomForest,0.7632398753894081,0.7107231920199502,0.8878504672897196,0.7894736842105263,0.6386292834890965,0.8878504672897196,0.8506224066390041,0.7107231920199502,0.7295373665480427,0.7894736842105263,0.7595055253792845,0.7632398753894081,0.7806727993294771,"[3, 6, 9, 14, 16, 18, 24]","[3, 6, 9, 14, 16, 18, 24]",FP,FP,2,42
0,RandomForest,0.7626016260162601,0.7267605633802817,0.8403908794788274,0.7794561933534744,0.685064935064935,0.8403908794788274,0.8115384615384615,0.7267605633802817,0.7429577464788731,0.7794561933534744,0.7612069699161738,0.7627279072718812,0.7691495124593717,"[3, 6, 9, 16, 18, 19, 24]","[3, 6, 9, 16, 18, 19, 24]",FP,FP,2,42
0,RandomForest,0.8027522935779816,0.7551546391752577,0.8960244648318043,0.8195804195804196,0.709480122324159,0.8960244648318043,0.8721804511278195,0.7551546391752577,0.7824620573355817,0.8195804195804196,0.8010212384580007,0.8027522935779816,0.8136675451515386,"[3, 6, 9, 14, 16, 19, 24]","[3, 6, 9, 14, 16, 19, 24]",FP,FP,2,42
0,RandomForest,0.8012618296529969,0.7560321715817694,0.889589905362776,0.8173913043478261,0.7129337539432177,0.889589905362776,0.8659003831417624,0.7560321715817694,0.7820069204152249,0.8173913043478261,0.7996991123815256,0.8012618296529969,0.8109662773617659,"[3, 6, 9, 14, 16, 18, 19]","[3, 6, 9, 14, 16, 18, 19]",FP,FP,2,42
0,SVM,0.761803487877499,0.7709251101321586,0.7446808510638298,0.7575757575757575,0.7789115646258503,0.7446808510638298,0.7532894736842105,0.7709251101321586,0.7658862876254181,0.7575757575757575,0.7617310226005878,0.76179620784484,0.7621072919081846,"[3, 7, 9, 10, 12, 15, 17, 20, 21, 23, 24]","[3, 7, 9, 10, 12, 15, 17, 20, 21, 23, 24]",RP,RP,6,42
0,KNeighbors,0.865040650406504,0.868421052631579,0.8599348534201955,0.8641571194762685,0.8701298701298701,0.8599348534201955,0.8617363344051447,0.868421052631579,0.8659127625201938,0.8641571194762685,0.8650349409982312,0.8650323617750328,0.8650786935183619,"[3, 6, 9, 16, 18, 19, 24]","[3, 6, 9, 16, 18, 19, 24]",FP,FP,2,42
0,KNeighbors,0.8700305810397554,0.8757763975155279,0.8623853211009175,0.869029275808937,0.8776758409785933,0.8623853211009175,0.8644578313253012,0.8757763975155279,0.8710166919575114,0.869029275808937,0.8700229838832242,0.8700305810397554,0.8701171144204145,"[3, 6, 9, 14, 16, 19, 24]","[3, 6, 9, 14, 16, 19, 24]",FP,FP,2,42
0,KNeighbors,0.8760469011725294,0.856687898089172,0.9026845637583892,0.8790849673202614,0.8494983277591973,0.9026845637583892,0.8975265017667845,0.856687898089172,0.872852233676976,0.8790849673202614,0.8759686004986187,0.8760914457587933,0.8771071999279783,"[6, 9, 14, 16, 18, 19, 24]","[6, 9, 14, 16, 18, 19, 24]",FP,FP,2,42
0,KNeighbors,0.8738170347003155,0.8601823708206687,0.8927444794952681,0.8761609907120744,0.8548895899053628,0.8927444794952681,0.8885245901639345,0.8601823708206687,0.8713826366559485,0.8761609907120744,0.8737718136840115,0.8738170347003155,0.8743534804923017,"[3, 6, 9, 14, 16, 18, 19]","[3, 6, 9, 14, 16, 18, 19]",FP,FP,2,42
0,KNeighbors,0.8769470404984424,0.8538011695906432,0.9096573208722741,0.8808446455505279,0.8442367601246106,0.9096573208722741,0.9033333333333333,0.8538011695906432,0.8727858293075684,0.8808446455505279,0.8768152374290481,0.8769470404984423,0.8785672514619882,"[3, 6, 9, 14, 16, 18, 24]","[3, 6, 9, 14, 16, 18, 24]",FP,FP,2,42
0,SVM,0.7268292682926829,0.7192429022082019,0.742671009771987,0.7307692307692308,0.711038961038961,0.742671009771987,0.7348993288590604,0.7192429022082019,0.7227722772277227,0.7307692307692308,0.7267707539984768,0.726854985405474,0.7270711155336311,"[3, 6, 9, 16, 18, 19, 24]","[3, 6, 9, 16, 18, 19, 24]",FP,FP,2,42
0,SVM,0.759493670886076,0.735632183908046,0.810126582278481,0.7710843373493976,0.7088607594936709,0.810126582278481,0.7887323943661971,0.735632183908046,0.7466666666666666,0.7710843373493976,0.7588755020080321,0.759493670886076,0.7621822891371215,"[3, 6, 9, 14, 18, 19, 24]","[3, 6, 9, 14, 18, 19, 24]",FP,FP,2,42
0,SVM,0.6957186544342507,0.6739130434782609,0.7584097859327217,0.7136690647482014,0.6330275229357798,0.7584097859327217,0.7237762237762237,0.6739130434782609,0.6753670473083196,0.7136690647482014,0.6945180560282604,0.6957186544342507,0.6988446336272423,"[3, 6, 9, 14, 16, 19, 24]","[3, 6, 9, 14, 16, 19, 24]",FP,FP,2,42
0,SVM,0.7318611987381703,0.7333333333333333,0.7287066246056783,0.7310126582278481,0.7350157728706624,0.7287066246056783,0.7304075235109718,0.7333333333333333,0.7327044025157232,0.7310126582278481,0.7318585303717857,0.7318611987381703,0.7318704284221526,"[3, 6, 9, 14, 16, 18, 19]","[3, 6, 9, 14, 16, 18, 19]",FP,FP,2,42
0,SVM,0.7554438860971524,0.7289156626506024,0.8120805369127517,0.7682539682539683,0.6989966555183946,0.8120805369127517,0.7886792452830189,0.7289156626506024,0.7411347517730495,0.7682539682539683,0.754694360013509,0.7555385962155732,0.7587974539668106,"[6, 9, 14, 16, 18, 19, 24]","[6, 9, 14, 16, 18, 19, 24]",FP,FP,2,42
0,SVM,0.7496962332928311,0.7464,0.7560777957860616,0.751207729468599,0.7433198380566801,0.7560777957860616,0.7530762920426579,0.7464,0.7481662591687042,0.751207729468599,0.7496869943186516,0.7496988169213709,0.7497381460213289,"[3, 7, 8, 9, 10, 12, 14, 15, 17, 20, 24]","[3, 7, 8, 9, 10, 12, 14, 15, 17, 20, 24]",RP,RP,6,42
0,SVM,0.7675070028011205,0.8003597122302158,0.7125700560448359,0.7539178314273614,0.8224,0.7125700560448359,0.7411679884643114,0.8003597122302158,0.7796738718240425,0.7539178314273614,0.7667958516257019,0.7674850280224179,0.7707638503472636,"[3, 8, 10, 12, 14, 15, 17, 20, 21, 23, 24]","[3, 8, 10, 12, 14, 15, 17, 20, 21, 23, 24]",RP,RP,6,42
0,SVM,0.7507861635220126,0.7427701674277016,0.7672955974842768,0.7548337200309359,0.7342767295597484,0.7672955974842768,0.759349593495935,0.7427701674277016,0.7466027178257394,0.7548337200309359,0.7507182189283377,0.7507861635220126,0.7510598804618183,"[2, 7, 8, 9, 11, 13, 14, 15, 18, 19, 20, 23]","[2, 7, 8, 9, 11, 13, 14, 15, 18, 19, 20, 23]",FW,FW,1,42
0,SVM,0.761803487877499,0.7709251101321586,0.7446808510638298,0.7575757575757575,0.7789115646258503,0.7446808510638298,0.7532894736842105,0.7709251101321586,0.7658862876254181,0.7575757575757575,0.7617310226005878,0.76179620784484,0.7621072919081846,"[3, 7, 9, 10, 14, 15, 17, 20, 21, 23, 24]","[3, 7, 9, 10, 14, 15, 17, 20, 21, 23, 24]",RP,RP,6,42
0,SVM,0.7395644283121597,0.72,0.7840290381125227,0.7506516072980018,0.6950998185117967,0.7840290381125227,0.7629482071713147,0.72,0.7274453941120607,0.7506516072980018,0.7390485007050313,0.7395644283121596,0.7414741035856574,"[2, 5, 8, 9, 11, 13, 14, 15, 18, 19, 20, 21]","[2, 5, 8, 9, 11, 13, 14, 15, 18, 19, 20, 21]",FW,FW,1,42
0,SVM,0.7395644283121597,0.72,0.7840290381125227,0.7506516072980018,0.6950998185117967,0.7840290381125227,0.7629482071713147,0.72,0.7274453941120607,0.7506516072980018,0.7390485007050313,0.7395644283121596,0.7414741035856574,"[2, 5, 8, 9, 11, 13, 14, 15, 18, 20, 21, 23]","[2, 5, 8, 9, 11, 13, 14, 15, 18, 20, 21, 23]",FW,FW,1,42
0,SVM,0.7520525451559934,0.7912713472485768,0.6847290640394089,0.7341549295774648,0.819376026272578,0.6847290640394089,0.7221418234442837,0.7912713472485768,0.7676923076923077,0.7341549295774648,0.7509236186348862,0.7520525451559934,0.7567065853464303,"[3, 7, 9, 10, 12, 15, 17, 20, 21, 23, 24]","[3, 7, 9, 10, 12, 15, 17, 20, 21, 23, 24]",RP,RP,6,42
0,SVM,0.7507861635220126,0.7427701674277016,0.7672955974842768,0.7548337200309359,0.7342767295597484,0.7672955974842768,0.759349593495935,0.7427701674277016,0.7466027178257394,0.7548337200309359,0.7507182189283377,0.7507861635220126,0.7510598804618183,"[2, 5, 7, 8, 9, 11, 13, 14, 15, 18, 19, 20]","[2, 5, 7, 8, 9, 11, 13, 14, 15, 18, 19, 20]",FW,FW,1,42
0,SVM,0.7276295133437991,0.6954177897574124,0.8100470957613815,0.7483683828861495,0.6452119309262166,0.8100470957613815,0.7725563909774437,0.6954177897574124,0.7031650983746792,0.7483683828861495,0.7257667406304144,0.7276295133437991,0.733987090367428,"[2, 5, 7, 9, 11, 13, 14, 15, 18, 19, 21, 23]","[2, 5, 7, 9, 11, 13, 14, 15, 18, 19, 21, 23]",FW,FW,1,42
0,SVM,0.74921875,0.7413010590015129,0.765625,0.7532667179093004,0.7328125,0.765625,0.7576736672051696,0.7413010590015129,0.7450357426528992,0.7532667179093004,0.7491512302810999,0.74921875,0.7494873631033412,"[5, 7, 8, 9, 11, 13, 15, 18, 19, 20, 21, 23]","[5, 7, 8, 9, 11, 13, 15, 18, 19, 20, 21, 23]",FW,FW,1,42
0,SVM,0.7665198237885462,0.7883698760724499,0.7286343612334801,0.7573260073260073,0.8044052863436123,0.7286343612334801,0.7477477477477478,0.7883698760724499,0.7750424448217318,0.7573260073260073,0.7661842260738696,0.7665198237885462,0.7680588119100988,"[3, 7, 8, 9, 10, 14, 17, 20, 21, 23, 24]","[3, 7, 8, 9, 10, 14, 17, 20, 21, 23, 24]",RP,RP,6,42
0,KNeighbors,0.9033018867924528,0.9014084507042254,0.9056603773584906,0.9035294117647059,0.9009433962264151,0.9056603773584906,0.9052132701421801,0.9014084507042254,0.9030732860520095,0.9035294117647059,0.9033013489083577,0.9033018867924528,0.9033108604232027,"[2, 5, 7, 8, 11, 13, 14, 15, 18, 19, 20, 23]","[2, 5, 7, 8, 11, 13, 14, 15, 18, 19, 20, 23]",FW,FW,1,42
0,KNeighbors,0.8947368421052632,0.8780120481927711,0.9166666666666666,0.8969230769230769,0.8728414442700158,0.9166666666666666,0.9129720853858785,0.8780120481927711,0.8924558587479936,0.8969230769230769,0.8946894678355353,0.8947540554683412,0.8954920667893248,"[5, 7, 8, 9, 11, 14, 15, 18, 19, 20, 21, 23]","[5, 7, 8, 9, 11, 14, 15, 18, 19, 20, 21, 23]",FW,FW,1,42
0,KNeighbors,0.9034045922406968,0.8945736434108527,0.9144215530903328,0.9043887147335423,0.8924050632911392,0.9144215530903328,0.912621359223301,0.8945736434108527,0.9024000000000001,0.9043887147335423,0.9033943573667712,0.9034133081907361,0.9035975013170768,"[2, 5, 7, 8, 9, 11, 13, 14, 15, 18, 19, 21]","[2, 5, 7, 8, 9, 11, 13, 14, 15, 18, 19, 21]",FW,FW,1,42
0,KNeighbors,0.89296875,0.8863287250384024,0.9015625,0.8938807126258714,0.884375,0.9015625,0.8998410174880763,0.8863287250384024,0.8920409771473602,0.8938807126258714,0.8929608448866158,0.8929687500000001,0.8930848712632393,"[2, 5, 7, 8, 9, 11, 13, 15, 18, 20, 21, 23]","[2, 5, 7, 8, 9, 11, 13, 15, 18, 20, 21, 23]",FW,FW,1,42
0,KNeighbors,0.8947368421052632,0.8780120481927711,0.9166666666666666,0.8969230769230769,0.8728414442700158,0.9166666666666666,0.9129720853858785,0.8780120481927711,0.8924558587479936,0.8969230769230769,0.8946894678355353,0.8947540554683412,0.8954920667893248,"[2, 5, 8, 9, 11, 14, 15, 18, 19, 20, 21, 23]","[2, 5, 8, 9, 11, 14, 15, 18, 19, 20, 21, 23]",FW,FW,1,42
0,RandomForest,0.7657232704402516,0.8072727272727273,0.6981132075471698,0.7487352445193929,0.8333333333333334,0.6981132075471698,0.7340720221606648,0.8072727272727273,0.780559646539028,0.7487352445193929,0.7646474455292105,0.7657232704402516,0.770672374716696,"[2, 7, 8, 9, 11, 13, 14, 15, 18, 19, 20, 23]","[2, 7, 8, 9, 11, 13, 14, 15, 18, 19, 20, 23]",FW,FW,1,42
0,RandomForest,0.7345483359746434,0.7525597269624573,0.6988906497622821,0.7247329498767461,0.7702060221870047,0.6988906497622821,0.7189349112426036,0.7525597269624573,0.7436878347360368,0.7247329498767461,0.7342103923063914,0.7345483359746434,0.7357473191025304,"[2, 5, 7, 8, 9, 11, 13, 14, 15, 20, 21, 23]","[2, 5, 7, 8, 9, 11, 13, 14, 15, 20, 21, 23]",FW,FW,1,42
0,RandomForest,0.730799683293745,0.7593582887700535,0.6751188589540412,0.714765100671141,0.7863924050632911,0.6751188589540412,0.707977207977208,0.7593582887700535,0.7451274362818591,0.714765100671141,0.7299462684765,0.7307556320086661,0.7336677483736307,"[2, 5, 7, 8, 11, 13, 14, 15, 18, 19, 20, 21]","[2, 5, 7, 8, 11, 13, 14, 15, 18, 19, 20, 21]",FW,FW,1,42
0,RandomForest,0.7564807541241163,0.768976897689769,0.7327044025157232,0.750402576489533,0.7802197802197802,0.7327044025157232,0.7451274362818591,0.768976897689769,0.7622699386503067,0.750402576489533,0.7563362575699198,0.7564620913677518,0.757052166985814,"[2, 5, 7, 8, 9, 14, 15, 18, 19, 20, 21, 23]","[2, 5, 7, 8, 9, 14, 15, 18, 19, 20, 21, 23]",FW,FW,1,42
0,RandomForest,0.75625,0.7715231788079471,0.728125,0.7491961414790996,0.784375,0.728125,0.742603550295858,0.7715231788079471,0.7629179331306991,0.7491961414790996,0.7560570373048994,0.7562500000000001,0.7570633645519025,"[5, 7, 8, 9, 11, 13, 15, 18, 19, 20, 21, 23]","[5, 7, 8, 9, 11, 13, 15, 18, 19, 20, 21, 23]",FW,FW,1,42
0,RandomForest,0.7922330097087379,0.789980732177264,0.7961165048543689,0.793036750483559,0.7883495145631068,0.7961165048543689,0.7945205479452054,0.789980732177264,0.7914230019493177,0.793036750483559,0.7922298762164384,0.7922330097087378,0.7922506400612347,"[3, 5, 6, 7, 8, 10, 20, 24, 25]","[3, 5, 6, 7, 8, 10, 20, 24, 25]",LW,LW,3,42
0,RandomForest,0.8300198807157058,0.8280632411067194,0.8330019880715706,0.8305252725470763,0.827037773359841,0.8330019880715706,0.832,0.8280632411067194,0.8295114656031904,0.8305252725470763,0.8300183690751334,0.8300198807157058,0.8300316205533597,"[3, 5, 6, 7, 8, 10, 12, 23, 24]","[3, 5, 6, 7, 8, 10, 12, 23, 24]",LW,LW,3,42
0,RandomForest,0.8052083333333333,0.8084210526315789,0.8,0.8041884816753927,0.8104166666666667,0.8,0.8020618556701031,0.8084210526315789,0.8062176165803109,0.8041884816753927,0.8052030491278518,0.8052083333333333,0.805241454150841,"[3, 5, 6, 8, 12, 20, 23, 24, 25]","[3, 5, 6, 8, 12, 20, 23, 24, 25]",LW,LW,3,42
0,RandomForest,0.8,0.7883683360258481,0.8201680672268907,0.8039538714991763,0.7798319327731092,0.8201680672268907,0.8126094570928196,0.7883683360258481,0.7958833619210979,0.8039538714991763,0.7999186167101371,0.8,0.8004888965593339,"[2, 3, 5, 10, 11, 13, 15, 17, 21, 23]","[2, 3, 5, 10, 11, 13, 15, 17, 21, 23]",LP,LP,4,42
0,RandomForest,0.8060913705583757,0.8077709611451943,0.8028455284552846,0.8053007135575942,0.8093306288032455,0.8028455284552846,0.8044354838709677,0.8077709611451943,0.8068756319514662,0.8053007135575942,0.8060881727545302,0.806088078629265,0.8061032225080811,"[6, 7, 8, 10, 12, 20, 23, 24, 25]","[6, 7, 8, 10, 12, 20, 23, 24, 25]",LW,LW,3,42
0,RandomForest,0.7625,0.7528089887640449,0.7816666666666666,0.766966475878986,0.7433333333333333,0.7816666666666666,0.7729636048526863,0.7528089887640449,0.7578589634664401,0.766966475878986,0.7624127196727131,0.7625,0.7628862968083656,"[2, 3, 5, 10, 11, 13, 16, 18, 21, 23]","[2, 3, 5, 10, 11, 13, 16, 18, 21, 23]",LP,LP,4,42
0,RandomForest,0.8049792531120332,0.8037190082644629,0.8070539419087137,0.8053830227743273,0.8029045643153527,0.8070539419087137,0.80625,0.8037190082644629,0.8045738045738046,0.8053830227743273,0.8049784136740659,0.8049792531120332,0.8049845041322314,"[3, 5, 7, 8, 10, 12, 20, 23, 25]","[3, 5, 7, 8, 10, 12, 20, 23, 25]",LW,LW,3,42
0,RandomForest,0.7731958762886598,0.7747603833865815,0.7698412698412699,0.7722929936305732,0.7765451664025357,0.7698412698412699,0.7716535433070866,0.7747603833865815,0.7740916271721958,0.7722929936305732,0.7731923104013845,0.7731932181219028,0.773206963346834,"[2, 3, 10, 13, 15, 16, 17, 18, 21, 23]","[2, 3, 10, 13, 15, 16, 17, 18, 21, 23]",LP,LP,4,42
0,KNeighbors,0.8703319502074689,0.8773784355179705,0.8609958506224067,0.8691099476439792,0.8796680497925311,0.8609958506224067,0.8635437881873728,0.8773784355179705,0.8715313463514903,0.8691099476439792,0.8703206469977347,0.8703319502074689,0.8704611118526716,"[3, 5, 7, 8, 10, 12, 20, 23, 25]","[3, 5, 7, 8, 10, 12, 20, 23, 25]",LW,LW,3,42
0,KNeighbors,0.8826979472140762,0.8709677419354839,0.898238747553816,0.8843930635838151,0.8671875,0.898238747553816,0.8951612903225806,0.8709677419354839,0.880952380952381,0.8843930635838151,0.8826727222680981,0.882713123776908,0.8830645161290323,"[3, 5, 6, 7, 10, 12, 20, 23, 24]","[3, 5, 6, 7, 10, 12, 20, 23, 24]",LW,LW,3,42
0,KNeighbors,0.8572916666666667,0.8536082474226804,0.8625,0.8580310880829016,0.8520833333333333,0.8625,0.8610526315789474,0.8536082474226804,0.8565445026178011,0.8580310880829016,0.8572877953503514,0.8572916666666667,0.8573304395008139,"[3, 5, 6, 7, 8, 12, 23, 24, 25]","[3, 5, 6, 7, 8, 12, 23, 24, 25]",LW,LW,3,42
0,KNeighbors,0.8717413972888426,0.8755274261603375,0.8663883089770354,0.8709338929695697,0.8770833333333333,0.8663883089770354,0.8680412371134021,0.8755274261603375,0.872538860103627,0.8709338929695697,0.8717363765365984,0.8717358211551844,0.8717843316368699,"[3, 5, 6, 7, 8, 10, 20, 24, 25]","[3, 5, 6, 7, 8, 10, 20, 24, 25]",LW,LW,3,42
0,RandomForest,0.7603174603174603,0.7603174603174603,0.7603174603174603,0.7603174603174603,0.7603174603174603,0.7603174603174603,0.7603174603174603,0.7603174603174603,0.7603174603174603,0.7603174603174603,0.7603174603174603,0.7603174603174603,0.7603174603174603,"[2, 3, 5, 11, 13, 15, 16, 17, 18, 23]","[2, 3, 5, 11, 13, 15, 16, 17, 18, 23]",LP,LP,4,42
0,KNeighbors,0.8703319502074689,0.8773784355179705,0.8609958506224067,0.8691099476439792,0.8796680497925311,0.8609958506224067,0.8635437881873728,0.8773784355179705,0.8715313463514903,0.8691099476439792,0.8703206469977347,0.8703319502074689,0.8704611118526716,"[3, 5, 7, 8, 10, 12, 20, 23, 25]","[3, 5, 7, 8, 10, 12, 20, 23, 25]",LW,LW,3,42
0,RandomForest,0.7799684542586751,0.7849117174959872,0.7712933753943217,0.7780429594272076,0.7886435331230284,0.7712933753943217,0.7751937984496124,0.7849117174959872,0.7818608287724784,0.7780429594272076,0.779951894099843,0.7799684542586751,0.7800527579727998,"[2, 3, 10, 11, 13, 15, 16, 17, 21, 23]","[2, 3, 10, 11, 13, 15, 16, 17, 21, 23]",LP,LP,4,42
0,KNeighbors,0.8651419558359621,0.8622848200312989,0.8690851735015773,0.8656716417910447,0.861198738170347,0.8690851735015773,0.8680445151033387,0.8622848200312989,0.8646080760095012,0.8656716417910447,0.865139858900273,0.8651419558359621,0.8651646675673188,"[2, 3, 10, 11, 13, 15, 16, 17, 21, 23]","[2, 3, 10, 11, 13, 15, 16, 17, 21, 23]",LP,LP,4,42
0,KNeighbors,0.8573811509591326,0.8578595317725752,0.8564273789649416,0.8571428571428571,0.8583333333333333,0.8564273789649416,0.8569051580698835,0.8578595317725752,0.8576186511240633,0.8571428571428571,0.8573807541334602,0.8573803561491374,0.8573823449212294,"[3, 5, 10, 11, 15, 16, 17, 18, 21, 23]","[3, 5, 10, 11, 15, 16, 17, 18, 21, 23]",LP,LP,4,42
0,KNeighbors,0.8424878836833603,0.8302180685358256,0.8610662358642972,0.8453608247422679,0.8239095315024233,0.8610662358642972,0.8557046979865772,0.8302180685358256,0.8395061728395061,0.8453608247422679,0.842433498790887,0.8424878836833603,0.8429613832612014,"[3, 5, 10, 11, 13, 15, 16, 18, 21, 23]","[3, 5, 10, 11, 13, 15, 16, 18, 21, 23]",LP,LP,4,42
0,SVM,0.7033195020746889,0.7344497607655502,0.6369294605809128,0.6822222222222222,0.7697095435684648,0.6369294605809128,0.6794871794871795,0.7344497607655502,0.7217898832684825,0.6822222222222222,0.7020060527453523,0.7033195020746887,0.7069684701263649,"[3, 5, 7, 8, 10, 12, 20, 23, 25]","[3, 5, 7, 8, 10, 12, 20, 23, 25]",LW,LW,3,42
0,KNeighbors,0.8488188976377953,0.837138508371385,0.8661417322834646,0.8513931888544891,0.831496062992126,0.8661417322834646,0.8613376835236541,0.837138508371385,0.846153846153846,0.8513931888544891,0.8487735175041675,0.8488188976377953,0.8492380959475196,"[2, 3, 5, 10, 11, 13, 15, 17, 18, 21]","[2, 3, 5, 10, 11, 13, 15, 17, 18, 21]",LP,LP,4,42
0,KNeighbors,0.8793650793650793,0.8805732484076433,0.8777777777777778,0.8791732909379968,0.8809523809523809,0.8777777777777778,0.8781645569620253,0.8805732484076433,0.8795562599049128,0.8791732909379968,0.8793647754214549,0.8793650793650793,0.8793689026848344,"[3, 5, 11, 13, 15, 16, 17, 18, 21, 23]","[3, 5, 11, 13, 15, 16, 17, 18, 21, 23]",LP,LP,4,42
0,SVM,0.7078838174273859,0.6790830945558739,0.7873754152823921,0.7292307692307692,0.6285240464344942,0.7873754152823921,0.747534516765286,0.6790830945558739,0.6828828828828829,0.7292307692307692,0.7060568260568261,0.7079497308584431,0.71330880566058,"[2, 3, 5, 10, 11, 13, 17, 18, 21, 23]","[2, 3, 5, 10, 11, 13, 17, 18, 21, 23]",LP,LP,4,42
0,SVM,0.734375,0.7750611246943765,0.6604166666666667,0.7131608548931383,0.8083333333333333,0.6604166666666667,0.7041742286751361,0.7750611246943765,0.7526673132880699,0.7131608548931383,0.7329140840906041,0.734375,0.7396176766847563,"[5, 6, 7, 8, 12, 20, 23, 24, 25]","[5, 6, 7, 8, 12, 20, 23, 24, 25]",LW,LW,3,42
0,SVM,0.7082452431289641,0.7444168734491315,0.6342494714587738,0.684931506849315,0.7822410147991543,0.6342494714587738,0.6813996316758748,0.7444168734491315,0.7283464566929134,0.684931506849315,0.7066389817711143,0.7082452431289641,0.7129082525625032,"[3, 6, 7, 8, 10, 12, 20, 24, 25]","[3, 6, 7, 8, 10, 12, 20, 24, 25]",LW,LW,3,42
0,SVM,0.707256046705588,0.7,0.7245409015025042,0.712059064807219,0.69,0.7245409015025042,0.7150259067357513,0.7,0.7022900763358778,0.712059064807219,0.7071745705715484,0.7072704507512521,0.7075129533678757,"[2, 3, 5, 10, 15, 16, 17, 18, 21, 23]","[2, 3, 5, 10, 15, 16, 17, 18, 21, 23]",LP,LP,4,42
0,SVM,0.7033195020746889,0.7344497607655502,0.6369294605809128,0.6822222222222222,0.7697095435684648,0.6369294605809128,0.6794871794871795,0.7344497607655502,0.7217898832684825,0.6822222222222222,0.7020060527453523,0.7033195020746887,0.7069684701263649,"[3, 5, 8, 10, 12, 20, 23, 24, 25]","[3, 5, 8, 10, 12, 20, 23, 24, 25]",LW,LW,3,42
0,SVM,0.6695352839931153,0.6596434359805511,0.7005163511187608,0.6794657762938231,0.6385542168674698,0.7005163511187608,0.6807339449541284,0.6596434359805511,0.6589698046181173,0.6794657762938231,0.6692177904559702,0.6695352839931152,0.6701886904673398,"[2, 3, 5, 10, 11, 15, 16, 17, 18, 23]","[2, 3, 5, 10, 11, 15, 16, 17, 18, 23]",LP,LP,4,42
0,SVM,0.7057673509286413,0.7292576419213974,0.6536203522504892,0.6893704850361196,0.7578125,0.6536203522504892,0.6867256637168142,0.7292576419213974,0.7205199628597958,0.6893704850361196,0.7049452239479577,0.7057164261252447,0.7079916528191058,"[3, 5, 7, 10, 12, 20, 23, 24, 25]","[3, 5, 7, 10, 12, 20, 23, 24, 25]",LW,LW,3,42
0,SVM,0.7055555555555556,0.7092084006462036,0.6968253968253968,0.7029623698959168,0.7142857142857143,0.6968253968253968,0.7020280811232449,0.7092084006462036,0.7081038552321006,0.7029623698959168,0.7055331125640087,0.7055555555555555,0.7056182408847242,"[2, 3, 5, 11, 13, 15, 16, 17, 18, 21]","[2, 3, 5, 11, 13, 15, 16, 17, 18, 21]",LP,LP,4,42
0,SVM,0.6978998384491115,0.6966292134831461,0.7011308562197092,0.6988727858293076,0.6946688206785138,0.7011308562197092,0.6991869918699187,0.6966292134831461,0.6969205834683956,0.6988727858293076,0.6978966846488516,0.6978998384491115,0.6979081026765324,"[3, 5, 10, 11, 13, 15, 16, 17, 21, 23]","[3, 5, 10, 11, 13, 15, 16, 17, 21, 23]",LP,LP,4,42
0,MLP,0.6103712671509282,0.6184495452576874,0.576271186440678,0.5966158345519115,0.6444713478611783,0.576271186440678,0.6033245183226293,0.6184495452576874,0.6232195121951218,0.5966158345519115,0.6099176733735167,0.6103712671509282,0.6108870317901584,"[2, 3, 5, 6, 7, 8, 9, 10, 12, 13, 14, 15, 16, 17, 18, 19, 20, 21, 22, 24]","[2, 3, 5, 6, 7, 8, 9, 10, 12, 13, 14, 15, 16, 17, 18, 19, 20, 21, 22, 24]","FW, LW, RW","FW, LW, RW",7,42
0,MLP,0.59443660552308,0.5999146029035013,0.5665322580645161,0.5827457486520117,0.6223297057638049,0.5665322580645161,0.5895379915998473,0.5999146029035013,0.6054901960784314,0.5827457486520117,0.5941179723652215,0.5944309819141604,0.5947262972516743,"[2, 3, 6, 7, 8, 9, 10, 11, 12, 13, 14, 16, 17, 18, 19, 20, 21, 22, 23, 24]","[2, 3, 6, 7, 8, 9, 10, 11, 12, 13, 14, 16, 17, 18, 19, 20, 21, 22, 23, 24]","FW, LW, RW","FW, LW, RW",7,42
0,MLP,0.6054640417838489,0.6025791324736225,0.6195259140216954,0.6109350237717909,0.5914021695460024,0.6195259140216954,0.6085159156676313,0.6025791324736225,0.5998370008149959,0.6109350237717909,0.6053860122933934,0.6054640417838489,0.605547524070627,"[2, 3, 5, 6, 7, 8, 9, 11, 12, 13, 14, 15, 16, 17, 18, 19, 20, 21, 22, 23]","[2, 3, 5, 6, 7, 8, 9, 11, 12, 13, 14, 15, 16, 17, 18, 19, 20, 21, 22, 23]","FW, LW, RW","FW, LW, RW",7,42
0,MLP,0.6054313099041534,0.6050955414012739,0.6070287539936102,0.606060606060606,0.6038338658146964,0.6070287539936102,0.6057692307692307,0.6050955414012739,0.6048,0.606060606060606,0.605430303030303,0.6054313099041533,0.6054323860852523,"[2, 3, 5, 6, 7, 8, 9, 10, 11, 12, 13, 14, 15, 17, 18, 20, 21, 22, 23, 24]","[2, 3, 5, 6, 7, 8, 9, 10, 11, 12, 13, 14, 15, 17, 18, 20, 21, 22, 23, 24]","FW, LW, RW","FW, LW, RW",7,42
0,MLP,0.5859833907231112,0.5866013071895425,0.5818476499189628,0.5842148087876322,0.5901174564601053,0.5818476499189628,0.5853756528726396,0.5866013071895425,0.5877369907220653,0.5842148087876322,0.5859758997548488,0.585982553189534,0.585988480031091,"[2, 5, 6, 7, 8, 9, 10, 11, 12, 13, 14, 15, 16, 17, 18, 19, 21, 22, 23, 24]","[2, 5, 6, 7, 8, 9, 10, 11, 12, 13, 14, 15, 16, 17, 18, 19, 21, 22, 23, 24]","FW, LW, RW","FW, LW, RW",7,42
0,KNeighbors,0.9108770508405915,0.917283950617284,0.903160453808752,0.9101674152715393,0.9185905224787363,0.903160453808752,0.9046669325887515,0.917283950617284,0.9115755627009646,0.9101674152715393,0.9108714889862519,0.9108754881437442,0.9109754416030178,"[2, 5, 6, 7, 8, 9, 10, 11, 12, 13, 14, 15, 16, 17, 18, 19, 21, 22, 23, 24]","[2, 5, 6, 7, 8, 9, 10, 11, 12, 13, 14, 15, 16, 17, 18, 19, 21, 22, 23, 24]","FW, LW, RW","FW, LW, RW",7,42
0,KNeighbors,0.9133906633906634,0.9152612093788565,0.9111384111384111,0.913195156987482,0.9156429156429157,0.9111384111384111,0.9115368935996738,0.9152612093788565,0.9135852911133809,0.913195156987482,0.9133902240504315,0.9133906633906634,0.9133990514892651,"[2, 3, 5, 6, 7, 8, 9, 10, 11, 12, 13, 14, 15, 18, 19, 20, 21, 22, 23, 24]","[2, 3, 5, 6, 7, 8, 9, 10, 11, 12, 13, 14, 15, 18, 19, 20, 21, 22, 23, 24]","FW, LW, RW","FW, LW, RW",7,42
0,KNeighbors,0.9096646942800789,0.9237046103631171,0.8930966469428008,0.9081427998395508,0.926232741617357,0.8930966469428008,0.8965253913707522,0.9237046103631171,0.9111369809856422,0.9081427998395508,0.9096398904125965,0.9096646942800789,0.9101150008669346,"[3, 5, 6, 8, 9, 10, 11, 12, 13, 14, 15, 16, 17, 18, 19, 20, 21, 22, 23, 24]","[3, 5, 6, 8, 9, 10, 11, 12, 13, 14, 15, 16, 17, 18, 19, 20, 21, 22, 23, 24]","FW, LW, RW","FW, LW, RW",7,42
0,KNeighbors,0.9151971468198931,0.9168324711500199,0.9131985731272295,0.9150119142176331,0.9171949286846276,0.9131985731272295,0.9135753749013418,0.9168324711500199,0.9153815737445631,0.9150119142176331,0.9151967439810981,0.9151967509059286,0.9152039230256808,"[2, 3, 6, 7, 8, 9, 10, 11, 12, 14, 15, 16, 17, 18, 19, 20, 21, 22, 23, 24]","[2, 3, 6, 7, 8, 9, 10, 11, 12, 14, 15, 16, 17, 18, 19, 20, 21, 22, 23, 24]","FW, LW, RW","FW, LW, RW",7,42
0,KNeighbors,0.9146117790910944,0.9251672240802675,0.9021606196494089,0.9135190918472652,0.9270578647106764,0.9021606196494089,0.904572564612326,0.9251672240802675,0.9156771986315153,0.9135190918472652,0.9145981452393903,0.9146092421800427,0.9148698943462967,"[2, 3, 5, 6, 7, 8, 9, 10, 11, 12, 14, 15, 16, 17, 18, 19, 20, 22, 23, 24]","[2, 3, 5, 6, 7, 8, 9, 10, 11, 12, 14, 15, 16, 17, 18, 19, 20, 22, 23, 24]","FW, LW, RW","FW, LW, RW",7,42
0,RandomForest,0.698797636030161,0.7032096706961234,0.6877293110476967,0.6953833470733718,0.7098614506927465,0.6877293110476967,0.6945773524720893,0.7032096706961234,0.7021362353889561,0.6953833470733718,0.6987597912311639,0.6987953808702216,0.6988935115841064,"[2, 3, 5, 6, 7, 8, 9, 10, 11, 12, 14, 15, 16, 17, 18, 19, 20, 22, 23, 24]","[2, 3, 5, 6, 7, 8, 9, 10, 11, 12, 14, 15, 16, 17, 18, 19, 20, 22, 23, 24]","FW, LW, RW","FW, LW, RW",7,42
0,RandomForest,0.6896977174583591,0.7114678899082569,0.6380090497737556,0.6727391021470397,0.7413651315789473,0.6380090497737556,0.6720089452105852,0.7114678899082569,0.7049853372434017,0.6727391021470397,0.6888622196952208,0.6896870906763515,0.691738417559421,"[2, 5, 6, 7, 8, 9, 11, 12, 13, 14, 15, 16, 17, 18, 19, 20, 21, 22, 23, 24]","[2, 5, 6, 7, 8, 9, 11, 12, 13, 14, 15, 16, 17, 18, 19, 20, 21, 22, 23, 24]","FW, LW, RW","FW, LW, RW",7,42
0,RandomForest,0.6984347136913017,0.7147147147147147,0.6603250099088387,0.6864441697569016,0.7365293185419969,0.6603250099088387,0.6844624447717231,0.7147147147147147,0.7095419847328244,0.6864441697569016,0.697993077244863,0.6984271642254178,0.6995885797432189,"[2, 3, 6, 7, 8, 9, 10, 11, 12, 13, 14, 15, 16, 17, 18, 20, 21, 22, 23, 24]","[2, 3, 6, 7, 8, 9, 10, 11, 12, 13, 14, 15, 16, 17, 18, 20, 21, 22, 23, 24]","FW, LW, RW","FW, LW, RW",7,42
0,RandomForest,0.6924651924651924,0.7268339768339769,0.6167076167076168,0.6672574213557819,0.7682227682227682,0.6167076167076168,0.6671408250355618,0.7268339768339769,0.7141225732775028,0.6672574213557819,0.6906899973166424,0.6924651924651926,0.6969874009347694,"[2, 3, 5, 6, 7, 8, 9, 10, 11, 12, 13, 14, 15, 18, 19, 20, 21, 22, 23, 24]","[2, 3, 5, 6, 7, 8, 9, 10, 11, 12, 13, 14, 15, 18, 19, 20, 21, 22, 23, 24]","FW, LW, RW","FW, LW, RW",7,42
0,RandomForest,0.6974358974358974,0.7010847730012053,0.6883629191321499,0.6946656050955413,0.7065088757396449,0.6883629191321499,0.6939170864006199,0.7010847730012053,0.7001563721657544,0.6946656050955413,0.6974109886306479,0.6974358974358974,0.6975009297009126,"[3, 5, 6, 7, 8, 9, 10, 11, 12, 13, 14, 15, 16, 17, 19, 20, 21, 22, 23, 24]","[3, 5, 6, 7, 8, 9, 10, 11, 12, 13, 14, 15, 16, 17, 19, 20, 21, 22, 23, 24]","FW, LW, RW","FW, LW, RW",7,42
0,SVM,0.6868990384615384,0.6957616449853127,0.6642628205128205,0.679647468743595,0.7095352564102564,0.6642628205128205,0.6788041395170563,0.6957616449853127,0.6938295788442703,0.679647468743595,0.6867385237939327,0.6868990384615384,0.6872828922511844,"[2, 3, 5, 8, 9, 10, 11, 12, 13, 14, 15, 16, 17, 18, 19, 20, 21, 22, 23, 24]","[2, 3, 5, 8, 9, 10, 11, 12, 13, 14, 15, 16, 17, 18, 19, 20, 21, 22, 23, 24]","FW, LW, RW","FW, LW, RW",7,42
0,SVM,0.6917960088691796,0.6902761104441777,0.6955645161290323,0.6929102229363326,0.6880290205562273,0.6955645161290323,0.6933387489845654,0.6902761104441777,0.6906736799514465,0.6929102229363326,0.6917919514438895,0.6917967683426298,0.6918074297143715,"[2, 3, 5, 6, 7, 8, 9, 10, 11, 12, 13, 16, 17, 18, 19, 20, 21, 22, 23, 24]","[2, 3, 5, 6, 7, 8, 9, 10, 11, 12, 13, 16, 17, 18, 19, 20, 21, 22, 23, 24]","FW, LW, RW","FW, LW, RW",7,42
0,MLP,0.5631346578366446,0.558993399339934,0.5982339955849889,0.5779483898485818,0.5280353200883002,0.5982339955849889,0.5679012345679012,0.558993399339934,0.5472431937771677,0.5779483898485818,0.5625957918128748,0.5631346578366445,0.5634473169539176,"[2, 3, 5, 6, 8, 9, 11, 12, 13, 14, 15, 16, 17, 18, 19, 20, 21, 22, 23, 24]","[2, 3, 5, 6, 8, 9, 11, 12, 13, 14, 15, 16, 17, 18, 19, 20, 21, 22, 23, 24]","FP, LP, RP","FP, LP, RP",8,42
0,MLP,0.5833522340666818,0.588433734939759,0.5539927404718693,0.570694087403599,0.6126984126984127,0.5539927404718693,0.578834618680377,0.588433734939759,0.5952853051332894,0.570694087403599,0.5829896962684442,0.583345576585141,0.583634176810068,"[2, 3, 5, 6, 7, 8, 9, 10, 11, 12, 13, 14, 15, 16, 17, 19, 20, 21, 22, 24]","[2, 3, 5, 6, 7, 8, 9, 10, 11, 12, 13, 14, 15, 16, 17, 19, 20, 21, 22, 24]","FP, LP, RP","FP, LP, RP",8,42
0,MLP,0.5732426303854875,0.5725842696629213,0.5777777777777777,0.5751693002257335,0.5687074829931973,0.5777777777777777,0.5739130434782609,0.5725842696629213,0.5712984054669704,0.5751693002257335,0.573233852846352,0.5732426303854875,0.5732486565705911,"[2, 3, 5, 6, 7, 8, 9, 11, 12, 13, 14, 16, 17, 18, 19, 20, 21, 22, 23, 24]","[2, 3, 5, 6, 7, 8, 9, 11, 12, 13, 14, 16, 17, 18, 19, 20, 21, 22, 23, 24]","FP, LP, RP","FP, LP, RP",8,42
0,MLP,0.571494785631518,0.5702554744525548,0.5795085767269356,0.5748447919061854,0.5634847080630213,0.5795085767269356,0.5727743758831841,0.5702554744525548,0.5680915673907965,0.5748447919061854,0.571468179648491,0.5714966423949784,0.5715149251678695,"[2, 3, 5, 6, 7, 8, 9, 10, 11, 12, 13, 16, 17, 18, 19, 20, 21, 22, 23, 24]","[2, 3, 5, 6, 7, 8, 9, 10, 11, 12, 13, 16, 17, 18, 19, 20, 21, 22, 23, 24]","FP, LP, RP","FP, LP, RP",8,42
0,MLP,0.615841132161607,0.625308947108255,0.5776255707762558,0.6005221932114883,0.654039251483341,0.5776255707762558,0.6077184054283291,0.625308947108255,0.6300285777093867,0.6005221932114883,0.6152753854604375,0.6158324111297984,0.6165136762682921,"[2, 3, 5, 6, 7, 9, 10, 11, 13, 14, 15, 16, 17, 18, 19, 20, 21, 22, 23, 24]","[2, 3, 5, 6, 7, 9, 10, 11, 13, 14, 15, 16, 17, 18, 19, 20, 21, 22, 23, 24]","FP, LP, RP","FP, LP, RP",8,42
0,KNeighbors,0.9082401278246975,0.9034296028880866,0.9141552511415525,0.908760780753518,0.9023277042446372,0.9141552511415525,0.9131639722863741,0.9034296028880866,0.9077134986225894,0.908760780753518,0.9082371396880538,0.9082414776930948,0.9082967875872303,"[2, 3, 5, 6, 7, 9, 10, 11, 13, 14, 15, 16, 17, 18, 19, 20, 21, 22, 23, 24]","[2, 3, 5, 6, 7, 9, 10, 11, 13, 14, 15, 16, 17, 18, 19, 20, 21, 22, 23, 24]","FP, LP, RP","FP, LP, RP",8,42
0,KNeighbors,0.9031746031746032,0.9008115419296664,0.9061224489795918,0.9034591905946191,0.9002267573696145,0.9061224489795918,0.905565693430657,0.9008115419296664,0.902888332954287,0.9034591905946191,0.9031737617744531,0.9031746031746032,0.9031886176801617,"[2, 3, 5, 6, 7, 8, 9, 11, 12, 13, 14, 15, 16, 17, 18, 20, 21, 22, 23, 24]","[2, 3, 5, 6, 7, 8, 9, 11, 12, 13, 14, 15, 16, 17, 18, 20, 21, 22, 23, 24]","FP, LP, RP","FP, LP, RP",8,42
0,KNeighbors,0.904440827714485,0.9031061659712564,0.906046511627907,0.9045739493847225,0.902835890283589,0.906046511627907,0.9057835820895522,0.9031061659712564,0.9043073341094295,0.9045739493847225,0.9044406417470761,0.904441200955748,0.9044448740304043,"[2, 3, 5, 6, 8, 9, 10, 11, 13, 14, 15, 16, 17, 18, 19, 20, 21, 22, 23, 24]","[2, 3, 5, 6, 8, 9, 10, 11, 13, 14, 15, 16, 17, 18, 19, 20, 21, 22, 23, 24]","FP, LP, RP","FP, LP, RP",8,42
0,KNeighbors,0.9022016222479722,0.897025171624714,0.9086694483078349,0.9028097650852143,0.8957367933271547,0.9086694483078349,0.9075117370892019,0.897025171624714,0.9015858208955224,0.9028097650852143,0.9021977929903684,0.9022031208174948,0.9022684543569579,"[3, 5, 6, 7, 8, 9, 10, 11, 12, 13, 14, 16, 17, 18, 19, 20, 21, 22, 23, 24]","[3, 5, 6, 7, 8, 9, 10, 11, 12, 13, 14, 16, 17, 18, 19, 20, 21, 22, 23, 24]","FP, LP, RP","FP, LP, RP",8,42
0,MLP,0.5720650478948541,0.5719376391982183,0.5721925133689839,0.5720650478948541,0.5719376391982183,0.5721925133689839,0.5721925133689839,0.5719376391982183,0.5720650478948541,0.5720650478948541,0.5720650478948541,0.572065076283601,0.572065076283601,"[2, 3, 5, 6, 7, 8, 10, 11, 12, 13, 14, 15, 16, 18, 19, 20, 21, 22, 23, 24]","[2, 3, 5, 6, 7, 8, 10, 11, 12, 13, 14, 15, 16, 18, 19, 20, 21, 22, 23, 24]","FP, LP, RP","FP, LP, RP",8,42
0,MLP,0.6002232142857142,0.6045645086166744,0.5794642857142858,0.5917483473900159,0.6209821428571428,0.5794642857142858,0.5962280325760823,0.6045645086166744,0.6083533785261317,0.5917483473900159,0.6000508629580739,0.6002232142857142,0.6003962705963783,"[2, 3, 5, 6, 7, 8, 9, 10, 12, 13, 14, 15, 16, 17, 18, 19, 21, 22, 23, 24]","[2, 3, 5, 6, 7, 8, 9, 10, 12, 13, 14, 15, 16, 17, 18, 19, 21, 22, 23, 24]","FP, LP, RP","FP, LP, RP",8,42
0,MLP,0.5833522340666818,0.588433734939759,0.5539927404718693,0.570694087403599,0.6126984126984127,0.5539927404718693,0.578834618680377,0.588433734939759,0.5952853051332894,0.570694087403599,0.5829896962684442,0.583345576585141,0.583634176810068,"[2, 5, 6, 7, 8, 9, 10, 11, 12, 13, 14, 15, 16, 17, 18, 19, 20, 21, 22, 24]","[2, 5, 6, 7, 8, 9, 10, 11, 12, 13, 14, 15, 16, 17, 18, 19, 20, 21, 22, 24]","FP, LP, RP","FP, LP, RP",8,42
0,RandomForest,0.6867770469494217,0.673409186683523,0.7250453720508166,0.6982739785885951,0.6485260770975056,0.7250453720508166,0.7023575638506876,0.673409186683523,0.6743692525347795,0.6982739785885951,0.6863216155616874,0.6867857245741611,0.6878833752671053,"[2, 5, 6, 7, 8, 9, 10, 11, 12, 13, 14, 15, 16, 17, 18, 19, 20, 21, 22, 24]","[2, 5, 6, 7, 8, 9, 10, 11, 12, 13, 14, 15, 16, 17, 18, 19, 20, 21, 22, 24]","FP, LP, RP","FP, LP, RP",8,42
0,RandomForest,0.7199269573156813,0.6983930778739185,0.773972602739726,0.7342430149447693,0.6659059790050206,0.773972602739726,0.7466734902763562,0.6983930778739185,0.7039806996381182,0.7342430149447693,0.7191118572914437,0.7199392908723733,0.7225332840751373,"[2, 3, 5, 6, 7, 9, 10, 11, 12, 13, 15, 16, 17, 18, 19, 20, 21, 22, 23, 24]","[2, 3, 5, 6, 7, 9, 10, 11, 12, 13, 15, 16, 17, 18, 19, 20, 21, 22, 23, 24]","FP, LP, RP","FP, LP, RP",8,42
0,RandomForest,0.6932377966860725,0.6818373367045933,0.7245857590685177,0.7025618758141555,0.6618898343036274,0.7245857590685177,0.7061634018155757,0.6818373367045933,0.6833102172907998,0.7025618758141555,0.6929360465524776,0.6932377966860725,0.6940003692600845,"[3, 5, 6, 7, 8, 9, 10, 11, 12, 13, 15, 16, 17, 18, 19, 20, 21, 22, 23, 24]","[3, 5, 6, 7, 8, 9, 10, 11, 12, 13, 15, 16, 17, 18, 19, 20, 21, 22, 23, 24]","FP, LP, RP","FP, LP, RP",8,42
0,RandomForest,0.6920529801324503,0.6857386848847139,0.7090507726269316,0.6971999131756024,0.6750551876379691,0.7090507726269316,0.6988117001828154,0.6857386848847139,0.6867280485066248,0.6971999131756024,0.6919639808411135,0.6920529801324504,0.6922751925337647,"[2, 3, 5, 6, 9, 10, 11, 12, 13, 14, 15, 16, 17, 18, 19, 20, 21, 22, 23, 24]","[2, 3, 5, 6, 9, 10, 11, 12, 13, 14, 15, 16, 17, 18, 19, 20, 21, 22, 23, 24]","FP, LP, RP","FP, LP, RP",8,42
0,SVM,0.6894039735099338,0.7193251533742331,0.6211920529801325,0.6666666666666666,0.7576158940397351,0.6211920529801325,0.6666666666666666,0.7193251533742331,0.7092374457532548,0.6666666666666666,0.6879520562099607,0.6894039735099338,0.6929959100204499,"[2, 3, 5, 6, 9, 10, 11, 12, 13, 14, 15, 16, 17, 18, 19, 20, 21, 22, 23, 24]","[2, 3, 5, 6, 9, 10, 11, 12, 13, 14, 15, 16, 17, 18, 19, 20, 21, 22, 23, 24]","FP, LP, RP","FP, LP, RP",8,42
0,SVM,0.6810267857142858,0.6893974778141055,0.6589285714285714,0.6738187628395343,0.703125,0.6589285714285714,0.6733646857631467,0.6893974778141055,0.6879231273203757,0.6738187628395343,0.680870945079955,0.6810267857142858,0.6813810817886261,"[2, 3, 5, 6, 7, 8, 9, 10, 11, 13, 14, 15, 16, 17, 18, 19, 21, 22, 23, 24]","[2, 3, 5, 6, 7, 8, 9, 10, 11, 13, 14, 15, 16, 17, 18, 19, 21, 22, 23, 24]","FP, LP, RP","FP, LP, RP",8,42
0,MLP,0.6394849785407726,0.6576139670223085,0.5819742489270386,0.6174863387978142,0.6969957081545064,0.5819742489270386,0.6250962278675904,0.6576139670223085,0.6590909090909091,0.6174863387978142,0.6382886239443617,0.6394849785407726,0.6413550974449495,"[2, 5, 6, 9, 11, 13, 15, 16, 17, 18, 19, 20]","[2, 5, 6, 9, 11, 13, 15, 16, 17, 18, 19, 20]",RW,RW,5,42
0,MLP,0.680168776371308,0.6763005780346821,0.6911392405063291,0.6836393989983306,0.6691983122362869,0.6911392405063291,0.6842105263157895,0.6763005780346821,0.6766211604095563,0.6836393989983306,0.6801302797039435,0.680168776371308,0.6802555521752358,"[2, 5, 9, 10, 11, 13, 15, 17, 18, 19, 20, 24]","[2, 5, 9, 10, 11, 13, 15, 17, 18, 19, 20, 24]",RW,RW,5,42
0,MLP,0.6394849785407726,0.6576139670223085,0.5819742489270386,0.6174863387978142,0.6969957081545064,0.5819742489270386,0.6250962278675904,0.6576139670223085,0.6590909090909091,0.6174863387978142,0.6382886239443617,0.6394849785407726,0.6413550974449495,"[2, 5, 6, 9, 10, 11, 13, 15, 16, 18, 19, 20]","[2, 5, 6, 9, 10, 11, 13, 15, 16, 18, 19, 20]",RW,RW,5,42
