,Regressor,MSE,R2,MAE,TrainParticipants,TestParticipants,TrainConditions,TestConditions,Experiment,RandomState
0,MLP,0.04662316914128381,0.1348830476829992,0.17739036285325685,"[2, 5, 7, 8, 9, 11, 13, 14, 15, 18, 20, 23]","[19, 21]",FW,FW,1,42
0,MLP,0.05000998023098297,0.08954715034417982,0.1835841231185286,"[2, 5, 7, 8, 9, 11, 13, 14, 15, 18, 21, 23]","[19, 20]",FW,FW,1,42
0,MLP,0.04822649763416103,0.11931276879559094,0.17921393566351065,"[2, 5, 7, 8, 9, 11, 14, 15, 19, 20, 21, 23]","[18, 13]",FW,FW,1,42
0,MLP,0.04929340735140473,0.10364552901776902,0.18216642902103292,"[2, 5, 7, 8, 9, 11, 13, 15, 18, 19, 20, 21]","[14, 23]",FW,FW,1,42
0,MLP,0.05000998023098297,0.08954715034417982,0.1835841231185286,"[2, 5, 7, 8, 9, 11, 13, 14, 15, 18, 21, 23]","[19, 20]",FW,FW,1,42
0,MLP,0.0596511124971622,0.16460811026662692,0.17855697625948952,"[3, 5, 7, 8, 10, 12, 20, 23, 25]","[24, 6]",LW,LW,3,42
0,MLP,0.05632843747957123,0.20607192193997748,0.16811948501326052,"[3, 5, 6, 7, 8, 10, 20, 23, 25]","[12, 24]",LW,LW,3,42
0,MLP,0.06265901328257865,0.09694088442285365,0.1791147301034855,"[3, 5, 6, 7, 10, 20, 23, 24, 25]","[12, 8]",LW,LW,3,42
0,MLP,0.06116638055235291,0.10887361790149774,0.17225700231480098,"[3, 6, 7, 8, 10, 20, 23, 24, 25]","[5, 12]",LW,LW,3,42
0,MLP,0.06120676298016724,0.1720672427089247,0.17305905097442906,"[3, 5, 6, 8, 12, 20, 23, 24, 25]","[10, 7]",LW,LW,3,42
0,MLP,0.06265901328257865,0.09694088442285365,0.1791147301034855,"[5, 6, 7, 10, 12, 20, 23, 24, 25]","[3, 8]",LW,LW,3,42
0,MLP,23.24133434859188,0.27599315651843837,3.8660994718051755,"[2, 5, 6, 9, 10, 11, 13, 15, 17, 18, 19, 24]","[16, 20]",RW,RW,5,42
0,MLP,23.708557591839824,0.2571189316982805,3.909269030670487,"[2, 5, 6, 9, 10, 11, 16, 17, 18, 19, 20, 24]","[13, 15]",RW,RW,5,42
0,MLP,25.148626266526584,0.21899064282890945,3.9877245324465984,"[5, 6, 10, 11, 13, 15, 16, 17, 18, 19, 20, 24]","[2, 9]",RW,RW,5,42
0,MLP,25.07079821122341,0.18698421732110215,4.103765691681725,"[2, 5, 6, 9, 10, 11, 13, 15, 16, 18, 19, 20]","[24, 17]",RW,RW,5,42
0,MLP,23.4387051007842,0.26981068940823694,3.887504274848026,"[2, 5, 6, 9, 10, 11, 15, 16, 17, 19, 20, 24]","[18, 13]",RW,RW,5,42
0,MLP,0.008441632455924032,0.05979398045181461,0.0715375078771926,"[3, 6, 9, 14, 16, 18, 19]",[24],FP,FP,2,42
0,MLP,0.009039223686346217,0.050563826655330324,0.0743691013637928,"[3, 6, 9, 14, 18, 19, 24]",[16],FP,FP,2,42
0,MLP,0.00846764617726004,0.09691797526382429,0.07352080564603461,"[3, 6, 9, 14, 16, 19, 24]",[18],FP,FP,2,42
0,MLP,0.008994293221115035,0.12565706047064662,0.074639769394472,"[3, 6, 9, 16, 18, 19, 24]",[14],FP,FP,2,42
0,MLP,0.008792074605802343,0.08079861585231152,0.07472158902306959,"[3, 6, 9, 14, 16, 18, 24]",[19],FP,FP,2,42
0,MLP,0.0011768237198345245,0.11965709069160313,0.024118604738152975,"[2, 3, 5, 10, 11, 13, 16, 17, 18, 23]","[21, 15]",LP,LP,4,42
0,MLP,0.0011768237198345245,0.11965709069160313,0.024118604738152975,"[2, 3, 5, 10, 13, 16, 17, 18, 21, 23]","[11, 15]",LP,LP,4,42
0,MLP,0.0010993605261728273,0.11189872276653534,0.023448917051624812,"[2, 3, 5, 10, 11, 13, 15, 16, 17, 21]","[18, 23]",LP,LP,4,42
0,MLP,0.0011674476004443688,0.10243167032658584,0.02381409704544392,"[2, 5, 10, 11, 13, 15, 17, 18, 21, 23]","[16, 3]",LP,LP,4,42
0,MLP,0.001246991039926446,0.10509734665591342,0.02436752053704454,"[3, 5, 10, 13, 15, 16, 17, 18, 21, 23]","[2, 11]",LP,LP,4,42
0,MLP,0.033615594822379254,0.25617090208659665,0.1440024214583037,"[3, 7, 8, 9, 10, 12, 14, 17, 20, 21, 24]","[23, 15]",RP,RP,6,42
0,MLP,0.03390748671563041,0.26116542897756057,0.14793710454746942,"[3, 7, 8, 9, 10, 12, 14, 15, 17, 21, 24]","[20, 23]",RP,RP,6,42
0,MLP,0.03390748671563041,0.26116542897756057,0.14793710454746942,"[3, 7, 8, 9, 10, 12, 14, 15, 20, 23, 24]","[21, 17]",RP,RP,6,42
0,MLP,0.033870335628582236,0.23117881459175527,0.14749912423106093,"[3, 7, 8, 9, 10, 14, 15, 20, 21, 23, 24]","[17, 12]",RP,RP,6,42
0,MLP,0.03380118290678017,0.24352168037233923,0.1471944847872698,"[3, 7, 8, 9, 12, 14, 15, 17, 20, 21, 23]","[10, 24]",RP,RP,6,42
0,RandomForest,0.03091520836775673,0.3208424984430359,0.1387421613408139,"[3, 7, 8, 9, 10, 12, 14, 15, 17, 23, 24]","[20, 21]",RP,RP,6,42
0,RandomForest,0.028299408526539966,0.366652668113593,0.13549338338278583,"[3, 7, 9, 10, 12, 14, 15, 17, 20, 21, 23]","[8, 24]",RP,RP,6,42
0,RandomForest,0.033055227016080525,0.2826686386605941,0.14397006741216803,"[3, 7, 8, 9, 10, 12, 17, 20, 21, 23, 24]","[15, 14]",RP,RP,6,42
0,RandomForest,0.036683695367125305,0.206408537737524,0.15318502697120925,"[3, 7, 8, 9, 10, 12, 14, 17, 20, 21, 24]","[15, 23]",RP,RP,6,42
0,RandomForest,0.032686631279897585,0.268465604499719,0.14675975538627178,"[3, 7, 8, 9, 12, 14, 15, 17, 20, 21, 23]","[10, 24]",RP,RP,6,42
0,KNeighbors,0.007847154815334306,0.826362076342286,0.04925198559628509,"[3, 7, 8, 9, 12, 14, 17, 20, 21, 23, 24]","[10, 15]",RP,RP,6,42
0,KNeighbors,0.007459529879854226,0.8384489952030079,0.04913527927873588,"[7, 8, 9, 10, 14, 15, 17, 20, 21, 23, 24]","[12, 3]",RP,RP,6,42
0,KNeighbors,0.008475950815184024,0.8137969665129643,0.05116973488273812,"[3, 8, 9, 10, 12, 14, 15, 17, 20, 23, 24]","[7, 21]",RP,RP,6,42
0,KNeighbors,0.007912552145227422,0.8311812872755001,0.049988963499147,"[3, 7, 8, 9, 14, 15, 17, 20, 21, 23, 24]","[12, 10]",RP,RP,6,42
0,KNeighbors,0.007611290130505887,0.8348274205405121,0.048852366236501514,"[3, 7, 8, 9, 10, 12, 15, 17, 21, 23, 24]","[20, 14]",RP,RP,6,42
0,RandomForest,14.008707034888765,0.5649491483087787,3.0416134103983747,"[2, 5, 6, 10, 11, 13, 15, 16, 18, 19, 20, 24]","[17, 9]",RW,RW,5,42
0,RandomForest,16.956869764117137,0.4686754992738923,3.299082928767562,"[2, 5, 6, 9, 10, 11, 13, 16, 17, 18, 20, 24]","[19, 15]",RW,RW,5,42
0,RandomForest,15.082880739735836,0.5301208730717375,3.065683995071582,"[2, 5, 6, 9, 10, 15, 16, 17, 18, 19, 20, 24]","[11, 13]",RW,RW,5,42
0,RandomForest,15.221672518436625,0.5252338886330331,3.147231335096371,"[2, 5, 9, 10, 11, 13, 15, 16, 17, 18, 19, 20]","[24, 6]",RW,RW,5,42
0,RandomForest,15.52386300647015,0.516405431573872,3.223319541603544,"[2, 5, 6, 9, 10, 11, 13, 15, 16, 17, 19, 24]","[18, 20]",RW,RW,5,42
0,KNeighbors,4.14278679826945,0.8709391741928688,0.9287316017590814,"[2, 5, 9, 10, 13, 15, 16, 17, 18, 19, 20, 24]","[6, 11]",RW,RW,5,42
0,KNeighbors,4.32333905339088,0.8598705305930443,1.0701388278733572,"[5, 6, 9, 10, 11, 15, 16, 17, 18, 19, 20, 24]","[13, 2]",RW,RW,5,42
0,KNeighbors,4.849851926683852,0.8477597930095031,1.1497910596263263,"[2, 5, 6, 9, 10, 11, 13, 15, 16, 18, 20, 24]","[17, 19]",RW,RW,5,42
0,KNeighbors,4.874619217717482,0.8416079218667646,1.1575540247625913,"[2, 5, 6, 9, 10, 13, 15, 16, 17, 18, 19, 20]","[11, 24]",RW,RW,5,42
0,KNeighbors,4.83879832594383,0.845872752322247,1.1076372013782927,"[5, 6, 9, 10, 11, 13, 15, 17, 18, 19, 20, 24]","[2, 16]",RW,RW,5,42
0,SVM,27.8644510711615,0.11245088917570378,3.7045602000438325,"[5, 6, 9, 10, 11, 13, 15, 17, 18, 19, 20, 24]","[2, 16]",RW,RW,5,42
0,SVM,27.02290249550297,0.12193886490713479,3.647112943502331,"[2, 5, 6, 9, 10, 11, 13, 15, 16, 18, 19, 20]","[17, 24]",RW,RW,5,42
0,SVM,28.01898416754007,0.129849536059775,3.8213641888186256,"[2, 5, 6, 10, 13, 15, 16, 17, 18, 19, 20, 24]","[11, 9]",RW,RW,5,42
0,SVM,27.219552945446953,0.1471058290881173,3.796969319649324,"[2, 6, 9, 10, 11, 13, 16, 17, 18, 19, 20, 24]","[5, 15]",RW,RW,5,42
0,SVM,27.40584274931953,0.12726026092069975,3.556779414507675,"[2, 5, 6, 9, 11, 13, 15, 16, 17, 18, 20, 24]","[19, 10]",RW,RW,5,42
0,RandomForest,0.00502071183149852,0.4645366006691479,0.049030803955466065,"[3, 6, 9, 14, 16, 19, 24]",[18],FP,FP,2,42
0,RandomForest,0.0058272223554876245,0.387936853163656,0.0541402337477892,"[3, 6, 9, 14, 18, 19, 24]",[16],FP,FP,2,42
0,RandomForest,0.005737220235680943,0.40018016017315305,0.05421261710732549,"[3, 6, 9, 14, 16, 18, 24]",[19],FP,FP,2,42
0,RandomForest,0.005803977913769872,0.4357903411270062,0.054657760059420114,"[3, 6, 9, 16, 18, 19, 24]",[14],FP,FP,2,42
0,RandomForest,0.00502071183149852,0.4645366006691479,0.049030803955466065,"[3, 6, 9, 14, 16, 19, 24]",[18],FP,FP,2,42
0,RandomForest,0.00570332860932635,0.4153960809218592,0.05361509962590967,"[3, 6, 9, 14, 16, 18, 19]",[24],FP,FP,2,42
0,SVM,0.023126041139487234,0.5043377279344663,0.1169771424659715,"[3, 7, 9, 10, 12, 15, 17, 20, 21, 23, 24]","[14, 8]",RP,RP,6,42
0,KNeighbors,0.0056358721523876165,0.45213204602203083,0.047077408524540426,"[3, 6, 9, 16, 18, 19, 24]",[14],FP,FP,2,42
0,KNeighbors,0.005607654113600879,0.4019386822596914,0.04499314561947082,"[3, 6, 9, 14, 16, 19, 24]",[18],FP,FP,2,42
0,KNeighbors,0.005680598539916025,0.4477081873044786,0.04653434340555693,"[6, 9, 14, 16, 18, 19, 24]",[3],FP,FP,2,42
0,KNeighbors,0.005613597474323464,0.42459372264641937,0.04555045695686884,"[3, 6, 9, 14, 16, 18, 19]",[24],FP,FP,2,42
0,KNeighbors,0.005577344386553912,0.41689499806958863,0.04535626730879933,"[3, 6, 9, 14, 16, 18, 24]",[19],FP,FP,2,42
0,SVM,0.008876502416731198,0.13710760534644784,0.0802295046236232,"[3, 6, 9, 16, 18, 19, 24]",[14],FP,FP,2,42
0,SVM,0.008500900443357318,0.10710668670401968,0.07806366918527037,"[3, 6, 9, 14, 18, 19, 24]",[16],FP,FP,2,42
0,SVM,0.008452361184877034,0.09854813334794366,0.0782377095968166,"[3, 6, 9, 14, 16, 19, 24]",[18],FP,FP,2,42
0,SVM,0.008396578888830426,0.13933191273037382,0.07842654865905073,"[3, 6, 9, 14, 16, 18, 19]",[24],FP,FP,2,42
0,SVM,0.008958658844187116,0.12900130195611237,0.08084042272497899,"[6, 9, 14, 16, 18, 19, 24]",[3],FP,FP,2,42
0,SVM,0.023305709100256766,0.4880109822888341,0.11698891345180093,"[3, 7, 8, 9, 10, 12, 14, 15, 17, 20, 24]","[23, 21]",RP,RP,6,42
0,SVM,0.023273004325250226,0.49910489068373365,0.1171704429252242,"[3, 8, 10, 12, 14, 15, 17, 20, 21, 23, 24]","[9, 7]",RP,RP,6,42
0,SVM,0.032679989105829935,0.4024029349476037,0.14463006676507878,"[2, 7, 8, 9, 11, 13, 14, 15, 18, 19, 20, 23]","[5, 21]",FW,FW,1,42
0,SVM,0.023126041139487234,0.5043377279344663,0.1169771424659715,"[3, 7, 9, 10, 14, 15, 17, 20, 21, 23, 24]","[12, 8]",RP,RP,6,42
0,SVM,0.034814898472093264,0.36026314906640466,0.14850129481161145,"[2, 5, 8, 9, 11, 13, 14, 15, 18, 19, 20, 21]","[23, 7]",FW,FW,1,42
0,SVM,0.034814898472093264,0.36026314906640466,0.14850129481161145,"[2, 5, 8, 9, 11, 13, 14, 15, 18, 20, 21, 23]","[19, 7]",FW,FW,1,42
0,SVM,0.032679989105829935,0.4024029349476037,0.14463006676507878,"[2, 5, 7, 8, 9, 11, 13, 14, 15, 18, 19, 20]","[23, 21]",FW,FW,1,42
0,SVM,0.02402560067175758,0.47862052714129744,0.11877186510111229,"[3, 7, 9, 10, 12, 15, 17, 20, 21, 23, 24]","[8, 14]",RP,RP,6,42
0,SVM,0.03398790161850056,0.38939625762247043,0.14523739670977012,"[2, 5, 7, 9, 11, 13, 14, 15, 18, 19, 21, 23]","[8, 20]",FW,FW,1,42
0,SVM,0.03437405080079755,0.37135672165503864,0.14646036683364652,"[5, 7, 8, 9, 11, 13, 15, 18, 19, 20, 21, 23]","[2, 14]",FW,FW,1,42
0,KNeighbors,0.015641995006317425,0.7139653175198897,0.08368161915696101,"[2, 5, 7, 8, 11, 13, 14, 15, 18, 19, 20, 23]","[9, 21]",FW,FW,1,42
0,SVM,0.02197541273976078,0.5011811203263966,0.11493958323815534,"[3, 7, 8, 9, 10, 14, 17, 20, 21, 23, 24]","[15, 12]",RP,RP,6,42
0,KNeighbors,0.015122917768687343,0.7242087772765948,0.08251227236663113,"[5, 7, 8, 9, 11, 14, 15, 18, 19, 20, 21, 23]","[2, 13]",FW,FW,1,42
0,KNeighbors,0.016030529884800367,0.7051587758577561,0.08577471763175062,"[2, 5, 7, 8, 9, 11, 13, 14, 15, 18, 19, 21]","[20, 23]",FW,FW,1,42
0,KNeighbors,0.018168932025915373,0.6677209486019264,0.08990033780499668,"[2, 5, 7, 8, 9, 11, 13, 15, 18, 20, 21, 23]","[19, 14]",FW,FW,1,42
0,KNeighbors,0.015122917768687343,0.7242087772765948,0.08251227236663113,"[2, 5, 8, 9, 11, 14, 15, 18, 19, 20, 21, 23]","[7, 13]",FW,FW,1,42
0,RandomForest,0.018277158335077887,0.6657778512970192,0.10685927827502291,"[2, 7, 8, 9, 11, 13, 14, 15, 18, 19, 20, 23]","[5, 21]",FW,FW,1,42
0,RandomForest,0.01833940925799802,0.6601726334324187,0.10804132329380027,"[2, 5, 7, 8, 9, 11, 13, 14, 15, 20, 21, 23]","[18, 19]",FW,FW,1,42
0,RandomForest,0.01811363228313868,0.6668453535595911,0.10694980725881846,"[2, 5, 7, 8, 11, 13, 14, 15, 18, 19, 20, 21]","[9, 23]",FW,FW,1,42
0,RandomForest,0.016818547721123542,0.6932861825087335,0.10379869696274505,"[2, 5, 7, 8, 9, 14, 15, 18, 19, 20, 21, 23]","[11, 13]",FW,FW,1,42
0,RandomForest,0.017810925810730002,0.6742682770528631,0.1069076820152974,"[5, 7, 8, 9, 11, 13, 15, 18, 19, 20, 21, 23]","[2, 14]",FW,FW,1,42
0,RandomForest,0.041542376235900964,0.4395642807462645,0.13825503557501917,"[3, 5, 6, 7, 8, 10, 20, 24, 25]","[12, 23]",LW,LW,3,42
0,RandomForest,0.04059120074221045,0.4180865274865153,0.13888355393181817,"[3, 5, 6, 7, 8, 10, 12, 23, 24]","[25, 20]",LW,LW,3,42
0,RandomForest,0.03683116705300025,0.45973406788215987,0.1313326501968285,"[3, 5, 6, 8, 12, 20, 23, 24, 25]","[7, 10]",LW,LW,3,42
0,RandomForest,0.000707638677881375,0.44563394228196573,0.019295088083717098,"[2, 3, 5, 10, 11, 13, 15, 17, 21, 23]","[16, 18]",LP,LP,4,42
0,RandomForest,0.0444911324059734,0.3603184699293701,0.14126713881853725,"[6, 7, 8, 10, 12, 20, 23, 24, 25]","[5, 3]",LW,LW,3,42
0,RandomForest,0.000707222596120801,0.45568452077239996,0.018646682095103742,"[2, 3, 5, 10, 11, 13, 16, 18, 21, 23]","[15, 17]",LP,LP,4,42
0,RandomForest,0.03870021919992574,0.4520005978707715,0.13132585196302277,"[3, 5, 7, 8, 10, 12, 20, 23, 25]","[24, 6]",LW,LW,3,42
0,RandomForest,0.000790663103664344,0.4325809194168485,0.02003436082996162,"[2, 3, 10, 13, 15, 16, 17, 18, 21, 23]","[5, 11]",LP,LP,4,42
0,KNeighbors,0.022817660094728392,0.6768993988043585,0.08200113216788735,"[3, 5, 7, 8, 10, 12, 20, 23, 25]","[24, 6]",LW,LW,3,42
0,KNeighbors,0.026169187792216053,0.6228423917811442,0.085849753799506,"[3, 5, 6, 7, 10, 12, 20, 23, 24]","[25, 8]",LW,LW,3,42
0,KNeighbors,0.024309300791505544,0.6434137687693542,0.08334418874743155,"[3, 5, 6, 7, 8, 12, 23, 24, 25]","[20, 10]",LW,LW,3,42
0,KNeighbors,0.025336954787511065,0.6308686463168609,0.0844695226338468,"[3, 5, 6, 7, 8, 10, 20, 24, 25]","[23, 12]",LW,LW,3,42
0,RandomForest,0.0007311722003305223,0.47853347498882937,0.01934900264209186,"[2, 3, 5, 11, 13, 15, 16, 17, 18, 23]","[21, 10]",LP,LP,4,42
0,KNeighbors,0.022817660094728392,0.6768993988043585,0.08200113216788735,"[3, 5, 7, 8, 10, 12, 20, 23, 25]","[24, 6]",LW,LW,3,42
0,RandomForest,0.0006730630498036462,0.4965050334140527,0.018621669651972036,"[2, 3, 10, 11, 13, 15, 16, 17, 21, 23]","[18, 5]",LP,LP,4,42
0,KNeighbors,0.00044996354576657153,0.6633979825415652,0.011119128912725033,"[2, 3, 10, 11, 13, 15, 16, 17, 21, 23]","[18, 5]",LP,LP,4,42
0,KNeighbors,0.00045914308378880274,0.6417672592319468,0.011189934589761034,"[3, 5, 10, 11, 15, 16, 17, 18, 21, 23]","[2, 13]",LP,LP,4,42
0,KNeighbors,0.00044922291643624996,0.6437405794557823,0.011491576872733259,"[3, 5, 10, 11, 13, 15, 16, 18, 21, 23]","[17, 2]",LP,LP,4,42
0,SVM,0.05375928589592853,0.23876254091295612,0.1438926807803153,"[3, 5, 7, 8, 10, 12, 20, 23, 25]","[24, 6]",LW,LW,3,42
0,KNeighbors,0.0004554188536288039,0.6320969727811044,0.011207030431673736,"[2, 3, 5, 10, 11, 13, 15, 17, 18, 21]","[16, 23]",LP,LP,4,42
0,KNeighbors,0.0004696647248694866,0.665038643581763,0.011190569281390773,"[3, 5, 11, 13, 15, 16, 17, 18, 21, 23]","[2, 10]",LP,LP,4,42
0,SVM,0.003846708410346041,-2.04385751464432,0.05511332048929732,"[2, 3, 5, 10, 11, 13, 17, 18, 21, 23]","[15, 16]",LP,LP,4,42
0,SVM,0.04946217734881321,0.27445336414454813,0.13749882412287653,"[5, 6, 7, 8, 12, 20, 23, 24, 25]","[3, 10]",LW,LW,3,42
0,SVM,0.050949370694597255,0.2947222944356592,0.1395939117411717,"[3, 6, 7, 8, 10, 12, 20, 24, 25]","[23, 5]",LW,LW,3,42
0,SVM,0.003976084845746502,-2.102221991594394,0.056484423555198345,"[2, 3, 5, 10, 15, 16, 17, 18, 21, 23]","[11, 13]",LP,LP,4,42
0,SVM,0.05375928589592853,0.23876254091295612,0.1438926807803153,"[3, 5, 8, 10, 12, 20, 23, 24, 25]","[7, 6]",LW,LW,3,42
0,SVM,0.004355182566456279,-2.2202620391262538,0.060226504505043923,"[2, 3, 5, 10, 11, 15, 16, 17, 18, 23]","[13, 21]",LP,LP,4,42
0,SVM,0.05243223690788179,0.24433202807986298,0.14378290766156876,"[3, 5, 7, 10, 12, 20, 23, 24, 25]","[6, 8]",LW,LW,3,42
0,SVM,0.003952697247092763,-1.819034007215988,0.05636618063358784,"[2, 3, 5, 11, 13, 15, 16, 17, 18, 21]","[23, 10]",LP,LP,4,42
0,SVM,0.003979358761690044,-2.1558586944404845,0.05624341063465664,"[3, 5, 10, 11, 13, 15, 16, 17, 21, 23]","[18, 2]",LP,LP,4,42
0,MLP,12.158466681079178,0.30555320611291725,2.052038700191172,"[2, 3, 5, 6, 7, 8, 9, 10, 12, 13, 14, 15, 16, 17, 18, 19, 20, 21, 22, 24]","[23, 11]","FW, LW, RW","FW, LW, RW",7,42
0,MLP,11.92792260638491,0.28583293062917026,2.0908121487157114,"[2, 3, 6, 7, 8, 9, 10, 11, 12, 13, 14, 16, 17, 18, 19, 20, 21, 22, 23, 24]","[5, 15]","FW, LW, RW","FW, LW, RW",7,42
0,MLP,11.381882811263573,0.3110988765869389,2.0988860738945965,"[2, 3, 5, 6, 7, 8, 9, 11, 12, 13, 14, 15, 16, 17, 18, 19, 20, 21, 22, 23]","[10, 24]","FW, LW, RW","FW, LW, RW",7,42
0,MLP,11.918000269147546,0.27655275047268013,2.093505550248078,"[2, 3, 5, 6, 7, 8, 9, 10, 11, 12, 13, 14, 15, 17, 18, 20, 21, 22, 23, 24]","[19, 16]","FW, LW, RW","FW, LW, RW",7,42
0,MLP,11.946588672195709,0.2952752293318257,2.0622076647496015,"[2, 5, 6, 7, 8, 9, 10, 11, 12, 13, 14, 15, 16, 17, 18, 19, 21, 22, 23, 24]","[3, 20]","FW, LW, RW","FW, LW, RW",7,42
0,KNeighbors,2.3179330346891023,0.8632660024449277,0.5611396981652297,"[2, 5, 6, 7, 8, 9, 10, 11, 12, 13, 14, 15, 16, 17, 18, 19, 21, 22, 23, 24]","[3, 20]","FW, LW, RW","FW, LW, RW",7,42
0,KNeighbors,2.3745261082115303,0.8545751268323807,0.5355348278285406,"[2, 3, 5, 6, 7, 8, 9, 10, 11, 12, 13, 14, 15, 18, 19, 20, 21, 22, 23, 24]","[16, 17]","FW, LW, RW","FW, LW, RW",7,42
0,KNeighbors,2.5981991269136104,0.842373869285717,0.5665965247250475,"[3, 5, 6, 8, 9, 10, 11, 12, 13, 14, 15, 16, 17, 18, 19, 20, 21, 22, 23, 24]","[7, 2]","FW, LW, RW","FW, LW, RW",7,42
0,KNeighbors,2.12598195358485,0.8750811349315356,0.5172631822405417,"[2, 3, 6, 7, 8, 9, 10, 11, 12, 14, 15, 16, 17, 18, 19, 20, 21, 22, 23, 24]","[13, 5]","FW, LW, RW","FW, LW, RW",7,42
0,KNeighbors,2.227104317101586,0.8573113239048481,0.5271434050833,"[2, 3, 5, 6, 7, 8, 9, 10, 11, 12, 14, 15, 16, 17, 18, 19, 20, 22, 23, 24]","[21, 13]","FW, LW, RW","FW, LW, RW",7,42
0,RandomForest,8.860813950909609,0.4322951996131964,1.7478809807583096,"[2, 3, 5, 6, 7, 8, 9, 10, 11, 12, 14, 15, 16, 17, 18, 19, 20, 22, 23, 24]","[21, 13]","FW, LW, RW","FW, LW, RW",7,42
0,RandomForest,7.898458454489005,0.4821403243494372,1.6112810402032272,"[2, 5, 6, 7, 8, 9, 11, 12, 13, 14, 15, 16, 17, 18, 19, 20, 21, 22, 23, 24]","[3, 10]","FW, LW, RW","FW, LW, RW",7,42
0,RandomForest,9.616759881212944,0.43493653463455173,1.8773566957474042,"[2, 3, 6, 7, 8, 9, 10, 11, 12, 13, 14, 15, 16, 17, 18, 20, 21, 22, 23, 24]","[19, 5]","FW, LW, RW","FW, LW, RW",7,42
0,RandomForest,9.581621759706811,0.41318559340037575,1.8489387796700225,"[2, 3, 5, 6, 7, 8, 9, 10, 11, 12, 13, 14, 15, 18, 19, 20, 21, 22, 23, 24]","[16, 17]","FW, LW, RW","FW, LW, RW",7,42
0,RandomForest,10.322126710543538,0.3737828339361048,1.978406381233629,"[3, 5, 6, 7, 8, 9, 10, 11, 12, 13, 14, 15, 16, 17, 19, 20, 21, 22, 23, 24]","[18, 2]","FW, LW, RW","FW, LW, RW",7,42
0,SVM,16.578495538631756,-0.0035558610068180396,1.7120044528353187,"[2, 3, 5, 8, 9, 10, 11, 12, 13, 14, 15, 16, 17, 18, 19, 20, 21, 22, 23, 24]","[7, 6]","FW, LW, RW","FW, LW, RW",7,42
0,SVM,16.8065502339035,-0.006267824068171501,1.7279573191542377,"[2, 3, 5, 6, 7, 8, 9, 10, 11, 12, 13, 16, 17, 18, 19, 20, 21, 22, 23, 24]","[14, 15]","FW, LW, RW","FW, LW, RW",7,42
0,MLP,0.10535247282859464,0.34301179963807005,0.25981377305933095,"[2, 3, 5, 6, 8, 9, 11, 12, 13, 14, 15, 16, 17, 18, 19, 20, 21, 22, 23, 24]","[10, 7]","FP, LP, RP","FP, LP, RP",8,42
0,MLP,0.11109739004618845,0.3038458955319089,0.27108795461439406,"[2, 3, 5, 6, 7, 8, 9, 10, 11, 12, 13, 14, 15, 16, 17, 19, 20, 21, 22, 24]","[18, 23]","FP, LP, RP","FP, LP, RP",8,42
0,MLP,0.10696042493626126,0.3285387193053114,0.2665532817509937,"[2, 3, 5, 6, 7, 8, 9, 11, 12, 13, 14, 16, 17, 18, 19, 20, 21, 22, 23, 24]","[15, 10]","FP, LP, RP","FP, LP, RP",8,42
0,MLP,0.10147952468767224,0.35186893744424574,0.2555808481276776,"[2, 3, 5, 6, 7, 8, 9, 10, 11, 12, 13, 16, 17, 18, 19, 20, 21, 22, 23, 24]","[14, 15]","FP, LP, RP","FP, LP, RP",8,42
0,MLP,0.08699808639175884,0.4502409626176399,0.23387932903455205,"[2, 3, 5, 6, 7, 9, 10, 11, 13, 14, 15, 16, 17, 18, 19, 20, 21, 22, 23, 24]","[12, 8]","FP, LP, RP","FP, LP, RP",8,42
0,KNeighbors,0.01159768756874122,0.9267117954187953,0.049264179199195055,"[2, 3, 5, 6, 7, 9, 10, 11, 13, 14, 15, 16, 17, 18, 19, 20, 21, 22, 23, 24]","[12, 8]","FP, LP, RP","FP, LP, RP",8,42
0,KNeighbors,0.01224749122870337,0.9231144028212049,0.05052786152943293,"[2, 3, 5, 6, 7, 8, 9, 11, 12, 13, 14, 15, 16, 17, 18, 20, 21, 22, 23, 24]","[19, 10]","FP, LP, RP","FP, LP, RP",8,42
0,KNeighbors,0.011247259958398866,0.9294776887761045,0.0481959022236462,"[2, 3, 5, 6, 8, 9, 10, 11, 13, 14, 15, 16, 17, 18, 19, 20, 21, 22, 23, 24]","[7, 12]","FP, LP, RP","FP, LP, RP",8,42
0,KNeighbors,0.01231925688747996,0.9213191717151427,0.04937150676508463,"[3, 5, 6, 7, 8, 9, 10, 11, 12, 13, 14, 16, 17, 18, 19, 20, 21, 22, 23, 24]","[2, 15]","FP, LP, RP","FP, LP, RP",8,42
0,MLP,0.09459893155512485,0.40729027404823903,0.24766896245547304,"[2, 3, 5, 6, 7, 8, 10, 11, 12, 13, 14, 15, 16, 18, 19, 20, 21, 22, 23, 24]","[9, 17]","FP, LP, RP","FP, LP, RP",8,42
0,MLP,0.08673871174873346,0.45458084125401743,0.234377920601056,"[2, 3, 5, 6, 7, 8, 9, 10, 12, 13, 14, 15, 16, 17, 18, 19, 21, 22, 23, 24]","[11, 20]","FP, LP, RP","FP, LP, RP",8,42
0,MLP,0.11109739004618845,0.3038458955319089,0.27108795461439406,"[2, 5, 6, 7, 8, 9, 10, 11, 12, 13, 14, 15, 16, 17, 18, 19, 20, 21, 22, 24]","[3, 23]","FP, LP, RP","FP, LP, RP",8,42
0,RandomForest,0.09868965633151541,0.38159474947911365,0.24512455235615258,"[2, 5, 6, 7, 8, 9, 10, 11, 12, 13, 14, 15, 16, 17, 18, 19, 20, 21, 22, 24]","[3, 23]","FP, LP, RP","FP, LP, RP",8,42
0,RandomForest,0.09895827308610504,0.37466205052078794,0.24513021012882413,"[2, 3, 5, 6, 7, 9, 10, 11, 12, 13, 15, 16, 17, 18, 19, 20, 21, 22, 23, 24]","[14, 8]","FP, LP, RP","FP, LP, RP",8,42
0,RandomForest,0.10366961795469896,0.3604424728757857,0.2551799431335442,"[3, 5, 6, 7, 8, 9, 10, 11, 12, 13, 15, 16, 17, 18, 19, 20, 21, 22, 23, 24]","[2, 14]","FP, LP, RP","FP, LP, RP",8,42
0,RandomForest,0.09203586496755929,0.42605545299190506,0.23679498709567992,"[2, 3, 5, 6, 9, 10, 11, 12, 13, 14, 15, 16, 17, 18, 19, 20, 21, 22, 23, 24]","[8, 7]","FP, LP, RP","FP, LP, RP",8,42
0,SVM,0.0772356610852373,0.5183509544886409,0.20540536864334116,"[2, 3, 5, 6, 9, 10, 11, 12, 13, 14, 15, 16, 17, 18, 19, 20, 21, 22, 23, 24]","[8, 7]","FP, LP, RP","FP, LP, RP",8,42
0,SVM,0.07471502289405206,0.5301866477956338,0.20237421226849425,"[2, 3, 5, 6, 7, 8, 9, 10, 11, 13, 14, 15, 16, 17, 18, 19, 21, 22, 23, 24]","[12, 20]","FP, LP, RP","FP, LP, RP",8,42
0,MLP,23.706708405609522,0.22969269139726345,3.8785297633691487,"[2, 5, 6, 9, 11, 13, 15, 16, 17, 18, 19, 20]","[10, 24]",RW,RW,5,42
0,MLP,24.97390640546014,0.2210603391051884,4.075988422103928,"[2, 5, 9, 10, 11, 13, 15, 17, 18, 19, 20, 24]","[16, 6]",RW,RW,5,42
0,MLP,23.706708405609522,0.22969269139726345,3.8785297633691487,"[2, 5, 6, 9, 10, 11, 13, 15, 16, 18, 19, 20]","[17, 24]",RW,RW,5,42
